{"stats":{"minecraft:custom":{"minecraft:mob_kills":90,"minecraft:interact_with_crafting_table":12,"minecraft:open_barrel":47,"minecraft:damage_dealt_resisted":1312,"minecraft:leave_game":2,"minecraft:time_since_death":39560,"minecraft:climb_one_cm":1741,"minecraft:sprint_one_cm":211371,"minecraft:walk_one_cm":238860,"minecraft:drop":52,"minecraft:play_time":65911,"minecraft:deaths":1,"minecraft:sneak_time":2063,"minecraft:walk_under_water_one_cm":4442,"minecraft:jump":2073,"minecraft:walk_on_water_one_cm":14609,"minecraft:total_world_time":65911,"minecraft:interact_with_furnace":28,"minecraft:interact_with_cartography_table":1,"minecraft:tune_noteblock":1,"minecraft:time_since_rest":39603,"minecraft:damage_taken":1585,"minecraft:damage_dealt":11858,"minecraft:swim_one_cm":9421,"minecraft:fly_one_cm":433913,"minecraft:open_chest":55,"minecraft:crouch_one_cm":7909,"minecraft:fall_one_cm":61600},"minecraft:killed":{"minecraft:cave_spider":2,"born_in_chaos_v1:restless_spirit":1,"born_in_chaos_v1:door_knight_not_despawn":2,"minecraft:spider":2,"born_in_chaos_v1:baby_skeleton_minion":1,"born_in_chaos_v1:maggot":4,"minecraft:skeleton":1,"minecraft:chicken":7,"gnumus:pitcher_mousse":1,"gnumus:gnumus_hunter_not_dispawn":1,"minecraft:pig":4,"minecraft:zombie_villager":16,"born_in_chaos_v1:decrepit_skeleton":4,"minecraft:sheep":11,"minecraft:pillager":4,"minecraft:zombie":1,"born_in_chaos_v1:corpse_fly":1,"alexsmobs:fly":1,"minecraft:cow":16},"minecraft:used":{"minecraft:trident":5,"minecraft:stone_sword":66,"born_in_chaos_v1:ethereal_spirit":2,"minecraft:dirt":1,"minecraft:carrot":10,"born_in_chaos_v1:corpse_maggot":2,"born_in_chaos_v1:smoked_flesh":5,"warriorsofpastepoch:cistus":1,"minecraft:bow":5,"minecraft:beef":1,"minecraft:sweet_berries":2,"minecraft:furnace":4,"minecraft:oak_sapling":1,"minecraft:potato":5,"minecraft:golden_axe":1,"born_in_chaos_v1:trident_hayfork":154,"minecraft:cooked_mutton":15,"minecraft:stone_pickaxe":99,"minecraft:oak_planks":15,"minecraft:wooden_pickaxe":5,"minecraft:crafting_table":3,"born_in_chaos_v1:monster_flesh":1,"warriorsofpastepoch:moldy_cheese":1,"minecraft:stone_axe":13,"minecraft:cobblestone":2,"minecraft:porkchop":4,"minecraft:cooked_porkchop":1,"minecraft:golden_pickaxe":10},"minecraft:dropped":{"minecraft:golden_boots":1,"born_in_chaos_v1:shattered_skull":2,"minecraft:wheat_seeds":35,"minecraft:crossbow":1,"minecraft:oak_fence":1,"minecraft:feather":10,"warriorsofpastepoch:moldy_cheese":3,"minecraft:leather":16,"minecraft:mossy_stone_brick_stairs":1,"gnumus:mouse_skin":4,"minecraft:stick":1,"minecraft:dirt":7,"gnumus:gnumus_claw":1,"minecraft:phantom_membrane":4,"minecraft:white_wool":2,"minecraft:bone":2,"minecraft:furnace":4,"galosphere:allurite_block":1,"alexsmobs:animal_dictionary":1,"minecraft:wheat":2,"minecraft:rotten_flesh":68,"alexsmobs:ancient_dart":2,"galosphere:silver_nugget":3,"minecraft:pumpkin_seeds":1,"gnumus:gnumus_clay":5,"minecraft:beetroot_seeds":2,"born_in_chaos_v1:corpse_maggot":2,"minecraft:oak_sapling":2,"minecraft:chainmail_boots":1,"minecraft:carved_pumpkin":1,"minecraft:stone_bricks":2,"minecraft:arrow":1,"minecraft:wooden_pickaxe":1,"minecraft:raw_gold":5,"minecraft:black_wool":1},"minecraft:picked_up":{"minecraft:crafting_table":1,"minecraft:wheat":8,"minecraft:chicken":10,"gnumus:gnumus_claw":2,"minecraft:string":6,"warriorsofpastepoch:moldy_cheese":1,"warriorsofpastepoch:cistus":1,"alexsmobs:ancient_dart":2,"minecraft:bucket":1,"minecraft:beef":22,"minecraft:furnace":8,"born_in_chaos_v1:shattered_skull":2,"minecraft:oak_fence":1,"minecraft:porkchop":8,"minecraft:carrot":24,"minecraft:stone_sword":1,"minecraft:weeping_vines":1,"minecraft:rotten_flesh":70,"minecraft:beetroot_seeds":2,"minecraft:carved_pumpkin":1,"born_in_chaos_v1:trident_hayfork":2,"gnumus:mouse_skin":8,"minecraft:mutton":12,"minecraft:white_wool":18,"minecraft:cobblestone":54,"born_in_chaos_v1:corpse_maggot":4,"minecraft:feather":10,"minecraft:cooked_beef":17,"minecraft:leather":20,"minecraft:potato":14,"minecraft:oak_log":33,"minecraft:dirt":9,"gnumus:gnumus_pouch_2":1,"minecraft:cooked_mutton":15,"minecraft:red_carpet":4,"minecraft:bone":2,"minecraft:apple":8,"minecraft:stone_bricks":2,"minecraft:wheat_seeds":35,"born_in_chaos_v1:smoked_flesh":14,"minecraft:iron_ingot":5,"minecraft:stone_pickaxe":1,"minecraft:cooked_chicken":4,"minecraft:oak_planks":29,"minecraft:mossy_stone_brick_stairs":1,"minecraft:book":3,"minecraft:cooked_porkchop":1,"minecraft:sweet_berries":2,"born_in_chaos_v1:ethereal_spirit":2,"minecraft:dark_oak_log":2,"minecraft:spider_eye":2,"alexsmobs:animal_dictionary":1,"galosphere:silver_nugget":3,"galosphere:allurite_block":1,"minecraft:stone_axe":1,"gnumus:gnumus_clay":5,"minecraft:bread":4,"minecraft:oak_sapling":3,"minecraft:coal":74,"minecraft:black_wool":1},"minecraft:mined":{"warriorsofpastepoch:cistus":1,"minecraft:grass_block":7,"minecraft:spawner":9,"minecraft:furnace":4,"minecraft:carrots":12,"minecraft:mossy_stone_brick_stairs":1,"minecraft:potatoes":3,"gnumus:fragile_gnumus_jug":2,"minecraft:stone":47,"minecraft:spruce_slab":1,"minecraft:crafting_table":1,"minecraft:oak_fence":1,"born_in_chaos_v1:black_argillite_column_slab":1,"minecraft:tall_grass":2,"minecraft:cobblestone":2,"galosphere:allurite_block":4,"minecraft:wheat":23,"minecraft:grass":4,"minecraft:oak_log":22,"minecraft:coal_ore":37,"minecraft:beetroots":2,"minecraft:dirt":2,"minecraft:cobweb":1,"minecraft:stone_bricks":2,"minecraft:oak_leaves":3},"minecraft:crafted":{"minecraft:oak_planks":44,"minecraft:cooked_chicken":4,"minecraft:furnace":4,"minecraft:cooked_mutton":12,"minecraft:stone_pickaxe":1,"minecraft:cooked_beef":2,"minecraft:cooked_porkchop":1,"minecraft:crafting_table":2,"minecraft:wooden_pickaxe":1,"minecraft:iron_helmet":1,"minecraft:stone_axe":1,"minecraft:air":0,"minecraft:bread":3,"minecraft:stick":8,"minecraft:stone_sword":1}},"DataVersion":3465}