{"stats":{"minecraft:custom":{"minecraft:mob_kills":103,"minecraft:interact_with_crafting_table":12,"minecraft:open_barrel":53,"minecraft:damage_dealt_resisted":1677,"minecraft:leave_game":2,"minecraft:time_since_death":51560,"minecraft:climb_one_cm":1741,"minecraft:sprint_one_cm":213185,"minecraft:walk_one_cm":300581,"minecraft:drop":67,"minecraft:play_time":77911,"minecraft:deaths":1,"minecraft:sneak_time":2788,"minecraft:walk_under_water_one_cm":4669,"minecraft:jump":2240,"minecraft:interact_with_brewingstand":1,"minecraft:walk_on_water_one_cm":16574,"minecraft:total_world_time":77911,"minecraft:interact_with_furnace":28,"minecraft:interact_with_cartography_table":1,"minecraft:tune_noteblock":1,"minecraft:time_since_rest":51603,"minecraft:damage_taken":2037,"minecraft:damage_absorbed":40,"minecraft:damage_dealt":13722,"minecraft:swim_one_cm":9421,"minecraft:fly_one_cm":443817,"minecraft:open_chest":68,"minecraft:crouch_one_cm":10185,"minecraft:fall_one_cm":65273},"minecraft:killed":{"minecraft:cave_spider":2,"born_in_chaos_v1:restless_spirit":1,"born_in_chaos_v1:door_knight_not_despawn":2,"minecraft:spider":5,"born_in_chaos_v1:baby_skeleton_minion":3,"born_in_chaos_v1:maggot":4,"minecraft:skeleton":2,"minecraft:chicken":7,"gnumus:pitcher_mousse":1,"gnumus:gnumus_hunter_not_dispawn":1,"minecraft:pig":4,"born_in_chaos_v1:bone_imp_minion":2,"minecraft:zombie_villager":16,"born_in_chaos_v1:decrepit_skeleton":4,"minecraft:sheep":11,"minecraft:pillager":4,"minecraft:zombie":1,"born_in_chaos_v1:dread_hound":1,"born_in_chaos_v1:corpse_fly":1,"minecraft:stray":2,"alexsmobs:fly":1,"minecraft:cow":16},"minecraft:used":{"minecraft:trident":5,"minecraft:stone_sword":66,"born_in_chaos_v1:ethereal_spirit":2,"minecraft:cooked_chicken":1,"minecraft:dirt":1,"minecraft:carrot":10,"born_in_chaos_v1:corpse_maggot":2,"born_in_chaos_v1:smoked_flesh":17,"warriorsofpastepoch:cistus":1,"minecraft:bow":12,"minecraft:beef":2,"minecraft:sweet_berries":2,"minecraft:furnace":4,"minecraft:oak_sapling":1,"minecraft:potato":5,"minecraft:golden_axe":14,"born_in_chaos_v1:trident_hayfork":186,"minecraft:cooked_mutton":15,"minecraft:stone_pickaxe":99,"minecraft:oak_planks":54,"minecraft:wooden_pickaxe":5,"minecraft:golden_apple":1,"minecraft:crafting_table":3,"born_in_chaos_v1:monster_flesh":1,"warriorsofpastepoch:moldy_cheese":1,"minecraft:stone_axe":13,"minecraft:cobblestone":2,"minecraft:porkchop":4,"minecraft:cooked_porkchop":1,"minecraft:golden_pickaxe":12},"minecraft:dropped":{"minecraft:golden_boots":1,"born_in_chaos_v1:shattered_skull":3,"minecraft:wheat_seeds":35,"minecraft:golden_pickaxe":1,"minecraft:crossbow":1,"minecraft:oak_fence":1,"minecraft:feather":10,"warriorsofpastepoch:moldy_cheese":3,"minecraft:leather":16,"minecraft:mossy_stone_brick_stairs":1,"gnumus:mouse_skin":4,"minecraft:red_carpet":8,"minecraft:stick":1,"minecraft:dirt":7,"minecraft:dark_oak_log":2,"gnumus:gnumus_claw":1,"minecraft:chain":2,"minecraft:phantom_membrane":4,"minecraft:white_wool":2,"minecraft:bone":4,"minecraft:furnace":4,"minecraft:crimson_fungus":1,"galosphere:allurite_block":1,"alexsmobs:animal_dictionary":1,"minecraft:wheat":2,"minecraft:rotten_flesh":70,"alexsmobs:ancient_dart":2,"born_in_chaos_v1:spiritual_dust":2,"galosphere:silver_nugget":3,"minecraft:pumpkin_seeds":1,"minecraft:flint_and_steel":1,"minecraft:potato":7,"born_in_chaos_v1:seedof_chaos":3,"gnumus:gnumus_clay":5,"minecraft:beetroot_seeds":2,"born_in_chaos_v1:corpse_maggot":2,"minecraft:oak_sapling":2,"minecraft:chainmail_boots":1,"minecraft:carved_pumpkin":1,"minecraft:stone_bricks":2,"minecraft:arrow":1,"minecraft:wooden_pickaxe":1,"minecraft:raw_gold":5,"minecraft:black_wool":1},"minecraft:picked_up":{"minecraft:crafting_table":1,"minecraft:wheat":8,"minecraft:chicken":10,"minecraft:golden_pickaxe":1,"born_in_chaos_v1:seedof_chaos":3,"gnumus:gnumus_claw":2,"minecraft:chain":2,"minecraft:string":6,"warriorsofpastepoch:moldy_cheese":1,"warriorsofpastepoch:cistus":1,"alexsmobs:ancient_dart":2,"minecraft:flint_and_steel":1,"minecraft:bucket":1,"minecraft:beef":22,"minecraft:furnace":8,"minecraft:tipped_arrow":2,"born_in_chaos_v1:shattered_skull":3,"minecraft:oak_fence":1,"minecraft:porkchop":8,"born_in_chaos_v1:pieceofdarkmetal":4,"minecraft:carrot":24,"minecraft:arrow":5,"minecraft:stone_sword":1,"minecraft:weeping_vines":1,"minecraft:rotten_flesh":70,"minecraft:beetroot_seeds":2,"minecraft:carved_pumpkin":1,"born_in_chaos_v1:trident_hayfork":2,"gnumus:mouse_skin":8,"minecraft:mutton":12,"minecraft:white_wool":18,"minecraft:cobblestone":54,"born_in_chaos_v1:corpse_maggot":4,"minecraft:feather":10,"minecraft:cooked_beef":17,"born_in_chaos_v1:spiritual_dust":2,"minecraft:leather":20,"minecraft:potato":14,"minecraft:crimson_fungus":1,"minecraft:oak_log":33,"minecraft:dirt":9,"gnumus:gnumus_pouch_2":1,"minecraft:cooked_mutton":15,"minecraft:red_carpet":8,"minecraft:bone":4,"minecraft:apple":8,"minecraft:stone_bricks":2,"minecraft:wheat_seeds":35,"born_in_chaos_v1:smoked_flesh":14,"minecraft:iron_ingot":5,"minecraft:stone_pickaxe":1,"minecraft:cooked_chicken":4,"minecraft:oak_planks":29,"minecraft:mossy_stone_brick_stairs":1,"minecraft:book":3,"minecraft:dark_oak_slab":4,"minecraft:cooked_porkchop":1,"minecraft:sweet_berries":2,"born_in_chaos_v1:orbofthe_summoner":1,"born_in_chaos_v1:ethereal_spirit":2,"minecraft:dark_oak_log":6,"minecraft:spider_eye":2,"alexsmobs:animal_dictionary":1,"galosphere:silver_nugget":3,"galosphere:allurite_block":1,"minecraft:stone_axe":1,"gnumus:gnumus_clay":5,"minecraft:bread":4,"minecraft:dark_oak_fence":3,"minecraft:oak_sapling":3,"minecraft:coal":74,"minecraft:black_wool":1},"minecraft:mined":{"warriorsofpastepoch:cistus":1,"minecraft:dark_oak_log":2,"minecraft:dark_oak_fence":2,"minecraft:grass_block":7,"minecraft:spawner":11,"minecraft:furnace":4,"minecraft:carrots":12,"minecraft:dark_oak_trapdoor":1,"minecraft:mossy_stone_brick_stairs":1,"minecraft:potatoes":3,"gnumus:fragile_gnumus_jug":2,"minecraft:stone":47,"minecraft:spruce_slab":1,"minecraft:crafting_table":1,"minecraft:oak_fence":1,"born_in_chaos_v1:black_argillite_column_slab":1,"minecraft:tall_grass":2,"minecraft:cobblestone":2,"galosphere:allurite_block":4,"minecraft:dark_oak_slab":7,"minecraft:wheat":23,"minecraft:grass":4,"minecraft:oak_log":22,"minecraft:coal_ore":37,"minecraft:beetroots":2,"minecraft:dirt":2,"minecraft:cobweb":1,"minecraft:stone_bricks":2,"minecraft:oak_leaves":3},"minecraft:crafted":{"minecraft:oak_planks":88,"minecraft:cooked_chicken":4,"minecraft:furnace":4,"minecraft:cooked_mutton":12,"minecraft:stone_pickaxe":1,"minecraft:cooked_beef":2,"minecraft:cooked_porkchop":1,"minecraft:crafting_table":2,"minecraft:wooden_pickaxe":1,"minecraft:iron_helmet":1,"minecraft:stone_axe":1,"minecraft:air":0,"minecraft:bread":3,"minecraft:stick":8,"minecraft:stone_sword":1}},"DataVersion":3465}