{"stats":{"minecraft:custom":{"minecraft:interact_with_furnace":26,"minecraft:mob_kills":17,"minecraft:interact_with_crafting_table":10,"minecraft:damage_dealt_resisted":198,"minecraft:leave_game":2,"minecraft:time_since_death":17911,"minecraft:climb_one_cm":296,"minecraft:time_since_rest":17911,"minecraft:sprint_one_cm":80309,"minecraft:damage_taken":150,"minecraft:walk_one_cm":47281,"minecraft:drop":9,"minecraft:damage_dealt":1348,"minecraft:swim_one_cm":2629,"minecraft:fly_one_cm":86926,"minecraft:crouch_one_cm":4031,"minecraft:play_time":17911,"minecraft:sneak_time":1190,"minecraft:walk_under_water_one_cm":540,"minecraft:jump":471,"minecraft:walk_on_water_one_cm":910,"minecraft:total_world_time":17911,"minecraft:fall_one_cm":13780},"minecraft:killed":{"minecraft:pig":3,"minecraft:sheep":8,"minecraft:chicken":4,"minecraft:cow":2},"minecraft:used":{"minecraft:cooked_mutton":1,"minecraft:stone_sword":37,"minecraft:stone_pickaxe":85,"minecraft:wooden_pickaxe":5,"minecraft:dirt":1,"minecraft:crafting_table":3,"minecraft:carrot":7,"minecraft:stone_axe":13,"warriorsofpastepoch:cistus":1,"minecraft:cobblestone":2,"minecraft:oak_sapling":1,"minecraft:furnace":4,"minecraft:porkchop":4},"minecraft:dropped":{"minecraft:wheat_seeds":35,"minecraft:wheat":2,"minecraft:oak_fence":1,"minecraft:leather":1,"minecraft:dirt":3,"minecraft:beetroot_seeds":2,"minecraft:oak_sapling":2,"minecraft:wooden_pickaxe":1},"minecraft:picked_up":{"minecraft:crafting_table":1,"minecraft:wheat":8,"minecraft:feather":5,"minecraft:chicken":4,"minecraft:leather":2,"minecraft:potato":3,"minecraft:oak_log":22,"minecraft:dirt":7,"warriorsofpastepoch:cistus":1,"minecraft:wheat_seeds":35,"minecraft:beef":2,"minecraft:furnace":4,"minecraft:oak_fence":1,"minecraft:porkchop":5,"minecraft:carrot":12,"minecraft:beetroot_seeds":2,"minecraft:oak_sapling":3,"minecraft:mutton":12,"minecraft:coal":37,"minecraft:white_wool":8,"minecraft:cobblestone":48},"minecraft:mined":{"warriorsofpastepoch:cistus":1,"minecraft:oak_fence":1,"minecraft:crafting_table":1,"minecraft:grass_block":5,"minecraft:cobblestone":2,"minecraft:tall_grass":2,"minecraft:carrots":12,"minecraft:furnace":4,"minecraft:wheat":23,"minecraft:grass":2,"minecraft:coal_ore":37,"minecraft:potatoes":3,"minecraft:oak_log":22,"minecraft:beetroots":2,"minecraft:dirt":2,"minecraft:stone":46,"minecraft:oak_leaves":3},"minecraft:crafted":{"minecraft:cooked_beef":2,"minecraft:oak_planks":44,"minecraft:cooked_porkchop":1,"minecraft:crafting_table":2,"minecraft:wooden_pickaxe":1,"minecraft:cooked_chicken":4,"minecraft:furnace":4,"minecraft:stone_axe":1,"minecraft:cooked_mutton":12,"minecraft:bread":2,"minecraft:air":0,"minecraft:stick":8,"minecraft:stone_pickaxe":1,"minecraft:stone_sword":1}},"DataVersion":3465}