{"stats":{"minecraft:custom":{"minecraft:interact_with_furnace":26,"minecraft:mob_kills":50,"minecraft:interact_with_crafting_table":10,"minecraft:open_barrel":26,"minecraft:damage_dealt_resisted":1009,"minecraft:leave_game":2,"minecraft:time_since_death":15560,"minecraft:climb_one_cm":1239,"minecraft:time_since_rest":15603,"minecraft:sprint_one_cm":167142,"minecraft:damage_taken":524,"minecraft:walk_one_cm":132128,"minecraft:drop":34,"minecraft:damage_dealt":6022,"minecraft:swim_one_cm":9421,"minecraft:fly_one_cm":288901,"minecraft:open_chest":24,"minecraft:crouch_one_cm":6199,"minecraft:play_time":41911,"minecraft:deaths":1,"minecraft:sneak_time":1564,"minecraft:walk_under_water_one_cm":4254,"minecraft:jump":1342,"minecraft:walk_on_water_one_cm":13287,"minecraft:total_world_time":41911,"minecraft:fall_one_cm":35878},"minecraft:killed":{"gnumus:gnumus_hunter_not_dispawn":1,"minecraft:pig":4,"born_in_chaos_v1:restless_spirit":1,"born_in_chaos_v1:door_knight_not_despawn":1,"born_in_chaos_v1:decrepit_skeleton":2,"minecraft:sheep":11,"minecraft:pillager":4,"minecraft:chicken":7,"gnumus:pitcher_mousse":1,"minecraft:cow":16},"minecraft:used":{"born_in_chaos_v1:trident_hayfork":65,"minecraft:cooked_mutton":6,"minecraft:stone_sword":66,"born_in_chaos_v1:ethereal_spirit":2,"minecraft:stone_pickaxe":96,"minecraft:wooden_pickaxe":5,"minecraft:dirt":1,"minecraft:crafting_table":3,"minecraft:carrot":8,"born_in_chaos_v1:smoked_flesh":2,"minecraft:stone_axe":13,"warriorsofpastepoch:cistus":1,"minecraft:cobblestone":2,"minecraft:sweet_berries":2,"minecraft:oak_sapling":1,"minecraft:furnace":4,"minecraft:porkchop":4,"minecraft:potato":1},"minecraft:dropped":{"minecraft:golden_boots":1,"minecraft:wheat_seeds":35,"alexsmobs:animal_dictionary":1,"minecraft:wheat":2,"minecraft:crossbow":1,"minecraft:oak_fence":1,"minecraft:feather":10,"minecraft:rotten_flesh":4,"minecraft:leather":16,"minecraft:mossy_stone_brick_stairs":1,"galosphere:silver_nugget":3,"gnumus:mouse_skin":4,"minecraft:pumpkin_seeds":1,"minecraft:stick":1,"minecraft:dirt":6,"gnumus:gnumus_clay":5,"gnumus:gnumus_claw":1,"minecraft:beetroot_seeds":2,"minecraft:oak_sapling":2,"minecraft:stone_bricks":2,"minecraft:arrow":1,"minecraft:wooden_pickaxe":1,"minecraft:white_wool":2,"minecraft:black_wool":1,"minecraft:bone":2},"minecraft:picked_up":{"minecraft:crafting_table":1,"minecraft:wheat":8,"minecraft:feather":10,"minecraft:cooked_beef":17,"minecraft:chicken":10,"minecraft:leather":20,"gnumus:gnumus_claw":2,"minecraft:potato":14,"minecraft:oak_log":33,"minecraft:dirt":7,"warriorsofpastepoch:cistus":1,"gnumus:gnumus_pouch_2":1,"minecraft:cooked_mutton":15,"minecraft:bone":2,"minecraft:apple":8,"minecraft:stone_bricks":2,"minecraft:wheat_seeds":35,"minecraft:stone_pickaxe":1,"minecraft:iron_ingot":5,"born_in_chaos_v1:smoked_flesh":14,"minecraft:beef":22,"minecraft:cooked_chicken":4,"minecraft:mossy_stone_brick_stairs":1,"minecraft:oak_planks":29,"minecraft:furnace":8,"minecraft:book":3,"minecraft:cooked_porkchop":1,"minecraft:sweet_berries":2,"minecraft:oak_fence":1,"born_in_chaos_v1:ethereal_spirit":2,"minecraft:porkchop":8,"minecraft:carrot":24,"alexsmobs:animal_dictionary":1,"galosphere:silver_nugget":3,"minecraft:stone_sword":1,"minecraft:rotten_flesh":4,"minecraft:stone_axe":1,"minecraft:beetroot_seeds":2,"gnumus:gnumus_clay":5,"minecraft:bread":4,"minecraft:black_wool":1,"minecraft:oak_sapling":3,"gnumus:mouse_skin":8,"born_in_chaos_v1:trident_hayfork":2,"minecraft:mutton":12,"minecraft:coal":74,"minecraft:white_wool":18,"minecraft:cobblestone":54},"minecraft:mined":{"warriorsofpastepoch:cistus":1,"minecraft:oak_fence":1,"minecraft:crafting_table":1,"minecraft:grass_block":5,"born_in_chaos_v1:black_argillite_column_slab":1,"minecraft:cobblestone":2,"minecraft:tall_grass":2,"minecraft:spawner":3,"minecraft:carrots":12,"minecraft:furnace":4,"minecraft:wheat":23,"minecraft:grass":4,"minecraft:mossy_stone_brick_stairs":1,"minecraft:coal_ore":37,"minecraft:potatoes":3,"minecraft:oak_log":22,"minecraft:beetroots":2,"minecraft:dirt":2,"gnumus:fragile_gnumus_jug":2,"minecraft:stone_bricks":2,"minecraft:stone":46,"minecraft:oak_leaves":3},"minecraft:crafted":{"minecraft:cooked_beef":2,"minecraft:oak_planks":44,"minecraft:cooked_porkchop":1,"minecraft:crafting_table":2,"minecraft:wooden_pickaxe":1,"minecraft:cooked_chicken":4,"minecraft:furnace":4,"minecraft:stone_axe":1,"minecraft:cooked_mutton":12,"minecraft:bread":2,"minecraft:air":0,"minecraft:stick":8,"minecraft:stone_pickaxe":1,"minecraft:stone_sword":1}},"DataVersion":3465}