{"stats":{"minecraft:crafted":{"minecraft:oak_planks":88,"minecraft:cooked_chicken":4,"minecraft:furnace":4,"minecraft:cooked_mutton":12,"minecraft:stone_pickaxe":1,"minecraft:dark_oak_planks":24,"born_in_chaos_v1:pileof_dark_metal":3,"minecraft:cooked_beef":2,"minecraft:cooked_porkchop":1,"minecraft:crafting_table":3,"minecraft:spruce_planks":16,"minecraft:wooden_pickaxe":1,"minecraft:iron_helmet":1,"minecraft:stone_axe":1,"minecraft:bread":6,"minecraft:air":0,"minecraft:shield":2,"minecraft:stick":16,"minecraft:iron_pickaxe":1,"minecraft:stone_sword":1,"minecraft:iron_leggings":1},"minecraft:used":{"minecraft:trident":146,"minecraft:stone_sword":66,"born_in_chaos_v1:ethereal_spirit":2,"minecraft:cooked_chicken":4,"minecraft:dirt":1,"minecraft:carrot":22,"born_in_chaos_v1:soul_cutlass":19,"born_in_chaos_v1:corpse_maggot":2,"minecraft:dark_oak_planks":12,"born_in_chaos_v1:smoked_flesh":22,"minecraft:iron_axe":28,"minecraft:dark_oak_slab":8,"warriorsofpastepoch:cistus":1,"minecraft:bow":48,"minecraft:beef":6,"minecraft:sweet_berries":2,"minecraft:furnace":4,"minecraft:oak_sapling":1,"minecraft:cooked_beef":4,"minecraft:potato":5,"minecraft:golden_axe":21,"minecraft:iron_leggings":1,"born_in_chaos_v1:trident_hayfork":227,"minecraft:cooked_mutton":15,"minecraft:stone_pickaxe":99,"minecraft:oak_planks":73,"minecraft:baked_potato":3,"minecraft:wooden_pickaxe":5,"minecraft:golden_apple":3,"minecraft:crafting_table":6,"minecraft:apple":14,"minecraft:dark_oak_log":1,"born_in_chaos_v1:monster_flesh":1,"minecraft:bread":6,"born_in_chaos_v1:pumpkin_staff":1,"minecraft:iron_pickaxe":6,"warriorsofpastepoch:moldy_cheese":1,"minecraft:stone_axe":13,"minecraft:cobblestone":2,"minecraft:porkchop":4,"minecraft:cooked_porkchop":1,"minecraft:splash_potion":1,"minecraft:golden_pickaxe":25},"minecraft:dropped":{"minecraft:enchanted_book":1,"minecraft:golden_boots":1,"minecraft:brown_mushroom":1,"minecraft:stripped_spruce_log":2,"minecraft:dark_oak_stairs":2,"minecraft:wheat_seeds":38,"born_in_chaos_v1:shattered_skull":3,"minecraft:golden_pickaxe":1,"minecraft:feather":10,"minecraft:oak_fence":1,"warriorsofpastepoch:moldy_cheese":3,"minecraft:book":5,"minecraft:crossbow":1,"minecraft:golden_axe":2,"minecraft:dark_oak_slab":10,"born_in_chaos_v1:orbofthe_summoner":2,"minecraft:spectral_arrow":4,"minecraft:leather":16,"minecraft:mossy_stone_brick_stairs":1,"minecraft:chainmail_helmet":1,"gnumus:mouse_skin":4,"minecraft:coal":6,"minecraft:leather_helmet":1,"minecraft:red_carpet":8,"minecraft:stick":7,"born_in_chaos_v1:pumpkin_staff":1,"minecraft:dirt":8,"minecraft:dark_oak_log":2,"gnumus:gnumus_claw":1,"minecraft:golden_carrot":6,"minecraft:dark_oak_fence":6,"born_in_chaos_v1:fel_lamp":2,"minecraft:iron_leggings":1,"minecraft:chain":2,"minecraft:phantom_membrane":4,"minecraft:chainmail_leggings":1,"minecraft:string":2,"minecraft:dark_oak_planks":8,"minecraft:white_wool":2,"minecraft:bone":4,"minecraft:armor_stand":1,"minecraft:furnace":4,"minecraft:crimson_fungus":1,"simplyswords:runic_tablet":1,"simplyswords:diamond_greataxe":1,"galosphere:allurite_block":1,"alexsmobs:animal_dictionary":1,"minecraft:stone_sword":1,"minecraft:golden_chestplate":1,"minecraft:wheat":2,"born_in_chaos_v1:ethereal_spirit":1,"minecraft:rotten_flesh":79,"minecraft:iron_hoe":1,"alexsmobs:ancient_dart":2,"born_in_chaos_v1:spiritual_dust":2,"born_in_chaos_v1:dark_upgrade":1,"galosphere:silver_nugget":3,"minecraft:pumpkin_seeds":24,"minecraft:flint_and_steel":1,"minecraft:potato":7,"minecraft:tipped_arrow":3,"minecraft:gunpowder":3,"minecraft:shield":2,"gnumus:gnumus_clay":5,"born_in_chaos_v1:seedof_chaos":9,"minecraft:spruce_planks":2,"minecraft:stone_bricks":2,"minecraft:iron_chestplate":1,"minecraft:beetroot_seeds":2,"born_in_chaos_v1:corpse_maggot":3,"minecraft:chainmail_boots":1,"minecraft:oak_sapling":2,"minecraft:carved_pumpkin":1,"minecraft:spider_eye":2,"minecraft:arrow":1,"minecraft:wooden_pickaxe":1,"minecraft:raw_gold":5,"minecraft:black_wool":1},"minecraft:picked_up":{"minecraft:iron_chestplate":3,"minecraft:crafting_table":3,"minecraft:wheat":17,"minecraft:chicken":10,"born_in_chaos_v1:seedof_chaos":10,"minecraft:golden_pickaxe":4,"minecraft:brown_mushroom":1,"gnumus:gnumus_claw":2,"minecraft:enchanted_book":6,"minecraft:chain":3,"minecraft:shield":1,"warriorsofpastepoch:moldy_cheese":1,"warriorsofpastepoch:cistus":1,"minecraft:string":8,"alexsmobs:ancient_dart":3,"minecraft:iron_axe":4,"born_in_chaos_v1:dark_upgrade":1,"minecraft:flint_and_steel":1,"minecraft:iron_leggings":1,"minecraft:armor_stand":1,"artifacts:fire_gauntlet":2,"simplyswords:runic_tablet":1,"minecraft:bucket":1,"minecraft:beef":22,"minecraft:iron_pickaxe":1,"minecraft:enchanted_golden_apple":1,"minecraft:iron_boots":2,"minecraft:furnace":8,"minecraft:tipped_arrow":5,"born_in_chaos_v1:shattered_skull":4,"minecraft:oak_fence":1,"simplyswords:diamond_greataxe":1,"minecraft:porkchop":8,"born_in_chaos_v1:pileof_dark_metal":4,"minecraft:golden_axe":3,"minecraft:trident":2,"minecraft:carrot":63,"born_in_chaos_v1:pieceofdarkmetal":34,"minecraft:golden_chestplate":1,"minecraft:dark_oak_planks":2,"minecraft:stone_sword":2,"minecraft:arrow":47,"minecraft:weeping_vines":1,"minecraft:rotten_flesh":87,"minecraft:beetroot_seeds":2,"minecraft:carved_pumpkin":1,"minecraft:gold_ingot":34,"born_in_chaos_v1:trident_hayfork":3,"gnumus:mouse_skin":8,"minecraft:mutton":12,"minecraft:white_wool":18,"minecraft:cobblestone":54,"born_in_chaos_v1:corpse_maggot":7,"born_in_chaos_v1:staffof_magic_arrows":1,"minecraft:feather":10,"minecraft:cooked_beef":36,"minecraft:golden_carrot":6,"born_in_chaos_v1:pumpkin_staff":3,"born_in_chaos_v1:spiritual_dust":2,"minecraft:leather":20,"minecraft:potato":14,"minecraft:crimson_fungus":1,"minecraft:oak_log":33,"minecraft:gunpowder":3,"minecraft:dirt":10,"gnumus:gnumus_pouch_2":1,"minecraft:cooked_mutton":16,"minecraft:red_carpet":8,"minecraft:bone":16,"born_in_chaos_v1:soul_cutlass":2,"minecraft:apple":46,"minecraft:stone_bricks":2,"minecraft:bow":1,"minecraft:wheat_seeds":38,"minecraft:stone_pickaxe":1,"born_in_chaos_v1:smoked_flesh":59,"minecraft:iron_ingot":92,"minecraft:cooked_chicken":4,"born_in_chaos_v1:fel_lamp":2,"minecraft:mossy_stone_brick_stairs":1,"minecraft:oak_planks":45,"minecraft:dark_oak_stairs":3,"minecraft:book":5,"minecraft:dark_oak_slab":28,"minecraft:cooked_porkchop":1,"minecraft:sweet_berries":2,"born_in_chaos_v1:orbofthe_summoner":3,"born_in_chaos_v1:ethereal_spirit":3,"minecraft:stripped_spruce_log":2,"minecraft:spruce_log":4,"minecraft:dark_oak_log":12,"minecraft:spider_eye":4,"alexsmobs:animal_dictionary":1,"minecraft:mossy_cobblestone":1,"galosphere:silver_nugget":6,"minecraft:iron_hoe":1,"galosphere:allurite_block":1,"minecraft:pumpkin_seeds":67,"minecraft:diamond":6,"minecraft:stone_axe":1,"gnumus:gnumus_clay":5,"minecraft:chainmail_leggings":1,"minecraft:iron_helmet":1,"minecraft:golden_apple":2,"minecraft:emerald":31,"minecraft:chainmail_helmet":1,"minecraft:bread":113,"minecraft:baked_potato":9,"minecraft:oak_sapling":3,"minecraft:black_wool":1,"minecraft:dark_oak_fence":6,"minecraft:coal":133},"minecraft:mined":{"minecraft:dark_oak_planks":1,"warriorsofpastepoch:cistus":1,"minecraft:mossy_cobblestone":1,"minecraft:dark_oak_log":5,"minecraft:dark_oak_fence":5,"born_in_chaos_v1:dark_metal_deposit":6,"minecraft:grass_block":8,"minecraft:spruce_leaves":4,"minecraft:spawner":19,"minecraft:large_fern":9,"minecraft:carrots":12,"minecraft:furnace":4,"minecraft:dark_oak_trapdoor":1,"minecraft:stripped_spruce_log":2,"minecraft:dark_oak_stairs":2,"minecraft:mossy_stone_brick_stairs":1,"minecraft:potatoes":3,"gnumus:fragile_gnumus_jug":2,"minecraft:stone":47,"minecraft:spruce_slab":1,"minecraft:oak_fence":1,"minecraft:crafting_table":3,"born_in_chaos_v1:black_argillite_column_slab":1,"minecraft:tall_grass":2,"minecraft:cobblestone":2,"minecraft:chain":3,"galosphere:allurite_block":4,"minecraft:dark_oak_slab":22,"minecraft:wheat":23,"minecraft:spruce_log":4,"minecraft:grass":4,"minecraft:coal_ore":37,"minecraft:oak_log":22,"minecraft:beetroots":2,"minecraft:dirt":2,"minecraft:cobweb":2,"minecraft:stone_bricks":2,"born_in_chaos_v1:infernal_evil_pumpkin_s":1,"minecraft:oak_leaves":3},"minecraft:killed":{"minecraft:vex":1,"minecraft:cave_spider":3,"born_in_chaos_v1:mr_pumpkin":2,"born_in_chaos_v1:restless_spirit":1,"born_in_chaos_v1:door_knight_not_despawn":2,"minecraft:spider":11,"born_in_chaos_v1:skeleton_thrasher_not_despawn":1,"born_in_chaos_v1:baby_skeleton_minion":7,"born_in_chaos_v1:maggot":9,"born_in_chaos_v1:pumpkinhead":1,"minecraft:skeleton":3,"minecraft:chicken":7,"gnumus:pitcher_mousse":1,"gnumus:gnumus_hunter_not_dispawn":1,"minecraft:husk":9,"minecraft:pig":4,"born_in_chaos_v1:bone_imp_minion":10,"minecraft:zombie_villager":26,"born_in_chaos_v1:decrepit_skeleton":4,"minecraft:sheep":11,"minecraft:pillager":6,"minecraft:zombie":3,"born_in_chaos_v1:dread_hound":1,"born_in_chaos_v1:corpse_fly":1,"born_in_chaos_v1:bonescaller_not_despawn":1,"minecraft:stray":6,"alexsmobs:fly":1,"alexsmobs:crow":1,"minecraft:cow":17,"mowziesmobs:naga":1},"minecraft:broken":{"minecraft:iron_boots":1,"minecraft:golden_leggings":1,"minecraft:iron_helmet":1,"minecraft:golden_chestplate":2},"minecraft:killed_by":{"minecraft:player":1,"born_in_chaos_v1:bone_imp_minion":1},"minecraft:custom":{"minecraft:mob_kills":171,"minecraft:interact_with_crafting_table":22,"minecraft:open_barrel":82,"minecraft:damage_dealt_resisted":3372,"minecraft:leave_game":4,"minecraft:time_since_death":18494,"minecraft:climb_one_cm":2125,"minecraft:sprint_one_cm":308792,"minecraft:walk_one_cm":516073,"minecraft:drop":126,"minecraft:play_time":139747,"minecraft:deaths":3,"minecraft:sneak_time":4891,"minecraft:walk_under_water_one_cm":8610,"minecraft:jump":3204,"minecraft:interact_with_brewingstand":2,"minecraft:walk_on_water_one_cm":24703,"minecraft:total_world_time":139747,"minecraft:interact_with_furnace":28,"minecraft:tune_noteblock":2,"minecraft:interact_with_cartography_table":1,"minecraft:time_since_rest":18538,"minecraft:damage_taken":23155,"minecraft:damage_absorbed":122,"minecraft:damage_dealt":26353,"minecraft:fly_one_cm":691448,"minecraft:swim_one_cm":9889,"minecraft:player_kills":1,"minecraft:open_chest":101,"minecraft:crouch_one_cm":13492,"minecraft:fall_one_cm":97009}},"DataVersion":3465}