{"stats":{"minecraft:killed_by":{"alexsmobs:grizzly_bear":1},"minecraft:custom":{"minecraft:interact_with_furnace":14,"minecraft:mob_kills":17,"minecraft:interact_with_crafting_table":10,"minecraft:open_barrel":2,"minecraft:leave_game":3,"minecraft:time_since_death":33518,"minecraft:climb_one_cm":316,"minecraft:time_since_rest":33549,"minecraft:sprint_one_cm":162697,"minecraft:damage_taken":685,"minecraft:walk_one_cm":139632,"minecraft:trigger_trapped_chest":1,"minecraft:drop":11,"minecraft:damage_dealt":2876,"minecraft:swim_one_cm":29927,"minecraft:talked_to_villager":1,"minecraft:fly_one_cm":128689,"minecraft:open_chest":8,"minecraft:crouch_one_cm":1090,"minecraft:play_time":40639,"minecraft:deaths":1,"minecraft:sneak_time":737,"minecraft:walk_under_water_one_cm":8979,"minecraft:jump":771,"minecraft:walk_on_water_one_cm":7355,"minecraft:total_world_time":40639,"minecraft:fall_one_cm":20439},"minecraft:killed":{"gnumus:gnumus_hunter_not_dispawn":2,"minecraft:pig":10,"born_in_chaos_v1:zombie_lumberjack":1,"gnumus:big_snout":1,"gnumus:gnumus_worker":1,"gnumus:pitcher_mousse":1,"born_in_chaos_v1:firelight_not_despawn":1},"minecraft:used":{"minecraft:moss_carpet":1,"minecraft:stone_sword":21,"minecraft:stone_pickaxe":27,"minecraft:wooden_pickaxe":18,"minecraft:iron_sword":38,"minecraft:torch":4,"minecraft:dirt":12,"minecraft:crafting_table":2,"minecraft:bread":2,"minecraft:iron_pickaxe":61,"minecraft:furnace":2,"minecraft:cooked_porkchop":5},"minecraft:dropped":{"minecraft:sweet_berries":1,"minecraft:wheat_seeds":2,"minecraft:stone_sword":1,"minecraft:granite":3,"minecraft:gunpowder":1,"born_in_chaos_v1:chipped_black_argillite_brick":1,"minecraft:oak_sapling":2,"minecraft:wooden_pickaxe":1},"minecraft:picked_up":{"gnumus:gnumus_claw":4,"minecraft:wooden_pickaxe":1,"gnumus:gnumus_pouch":1,"minecraft:oak_log":10,"minecraft:gunpowder":1,"minecraft:string":4,"minecraft:dirt":12,"minecraft:moss_carpet":1,"gnumus:gnumus_pouch_2":2,"minecraft:apple":1,"gnumus:gnumus_horn":1,"minecraft:wheat_seeds":4,"minecraft:rabbit_hide":1,"minecraft:iron_ingot":1,"born_in_chaos_v1:chipped_black_argillite_brick":2,"minecraft:moss_block":5,"minecraft:sugar_cane":1,"minecraft:furnace":2,"minecraft:stick":2,"minecraft:raw_iron":13,"minecraft:raw_gold_block":3,"minecraft:sweet_berries":1,"minecraft:torch":2,"minecraft:porkchop":19,"minecraft:carrot":2,"born_in_chaos_v1:pieceofdarkmetal":1,"minecraft:dark_oak_log":2,"minecraft:rotten_flesh":4,"born_in_chaos_v1:fire_dust":1,"minecraft:beetroot_seeds":2,"minecraft:granite":3,"minecraft:oak_sapling":2,"minecraft:coal":33,"minecraft:cod":2,"minecraft:cobblestone":35},"minecraft:crafted":{"minecraft:oak_planks":36,"minecraft:cooked_porkchop":14,"minecraft:crafting_table":2,"minecraft:wooden_pickaxe":2,"minecraft:iron_sword":1,"minecraft:furnace":2,"minecraft:oak_wood":3,"minecraft:air":0,"minecraft:iron_chestplate":1,"minecraft:stick":16,"minecraft:iron_ingot":10,"minecraft:iron_pickaxe":1,"minecraft:stone_pickaxe":2,"minecraft:stone_sword":1,"minecraft:torch":4},"minecraft:mined":{"minecraft:tuff":4,"minecraft:mossy_cobblestone":1,"minecraft:granite":3,"born_in_chaos_v1:dark_metal_deposit":1,"minecraft:grass_block":5,"minecraft:tall_grass":1,"born_in_chaos_v1:chipped_black_argillite_brick":1,"minecraft:wall_torch":1,"minecraft:furnace":2,"minecraft:raw_gold_block":4,"minecraft:iron_ore":14,"minecraft:fire":1,"minecraft:andesite":1,"minecraft:grass":2,"minecraft:coal_ore":28,"minecraft:oak_log":10,"minecraft:dirt":8,"gnumus:fragile_gnumus_jug":6,"minecraft:stone":34,"minecraft:oak_leaves":4}},"DataVersion":3465}