{"stats":{"minecraft:killed_by":{"alexsmobs:grizzly_bear":1},"minecraft:custom":{"minecraft:interact_with_furnace":17,"minecraft:mob_kills":24,"minecraft:interact_with_crafting_table":15,"minecraft:open_barrel":7,"minecraft:damage_dealt_resisted":450,"minecraft:leave_game":9,"minecraft:time_since_death":81040,"minecraft:sleep_in_bed":1,"minecraft:climb_one_cm":316,"minecraft:time_since_rest":40125,"minecraft:walk_one_cm":283989,"minecraft:sprint_one_cm":272916,"minecraft:damage_taken":1476,"minecraft:trigger_trapped_chest":1,"minecraft:drop":25,"minecraft:damage_dealt":4975,"minecraft:talked_to_villager":1,"minecraft:swim_one_cm":34421,"minecraft:fly_one_cm":233846,"minecraft:open_chest":43,"minecraft:crouch_one_cm":7057,"minecraft:play_time":88161,"minecraft:deaths":1,"minecraft:sneak_time":4009,"minecraft:walk_under_water_one_cm":10880,"minecraft:interact_with_brewingstand":1,"minecraft:jump":1269,"minecraft:walk_on_water_one_cm":14869,"minecraft:total_world_time":88161,"minecraft:fall_one_cm":34061},"minecraft:killed":{"born_in_chaos_v1:barrel_zombie":1,"gnumus:gnumus_hunter_not_dispawn":2,"minecraft:pig":10,"born_in_chaos_v1:bone_imp_minion":2,"born_in_chaos_v1:zombie_lumberjack":1,"gnumus:big_snout":1,"minecraft:spider":1,"born_in_chaos_v1:thornshell_crab":1,"minecraft:skeleton":1,"gnumus:gnumus_worker":1,"gnumus:pitcher_mousse":1,"born_in_chaos_v1:supreme_bonescaller_stage_2":1,"born_in_chaos_v1:firelight_not_despawn":1},"minecraft:used":{"minecraft:moss_carpet":1,"minecraft:blue_terracotta":2,"minecraft:stone_sword":21,"minecraft:stone_pickaxe":27,"minecraft:wooden_pickaxe":18,"minecraft:iron_sword":98,"minecraft:torch":6,"minecraft:dirt":13,"minecraft:crafting_table":2,"minecraft:bread":15,"minecraft:iron_pickaxe":98,"minecraft:dark_oak_slab":5,"warriorsofpastepoch:moldy_cheese":1,"minecraft:cobblestone":2,"minecraft:furnace":4,"minecraft:cooked_porkchop":8},"minecraft:dropped":{"minecraft:iron_sword":1,"minecraft:moss_block":5,"minecraft:sweet_berries":1,"minecraft:wheat_seeds":4,"minecraft:stone_sword":1,"minecraft:dark_oak_slab":2,"alexsmobs:ancient_dart":1,"minecraft:granite":3,"born_in_chaos_v1:pieceofdarkmetal":8,"minecraft:iron_block":4,"minecraft:gunpowder":1,"minecraft:flower_pot":1,"born_in_chaos_v1:chipped_black_argillite_brick":2,"minecraft:oak_sapling":2,"minecraft:chain":2,"minecraft:wooden_pickaxe":1,"born_in_chaos_v1:staffof_magic_arrows":2,"minecraft:string":3,"minecraft:bone":3},"minecraft:picked_up":{"born_in_chaos_v1:staffof_magic_arrows":2,"minecraft:chicken":3,"minecraft:flower_pot":2,"born_in_chaos_v1:spiritual_dust":4,"born_in_chaos_v1:seedof_chaos":2,"minecraft:brown_mushroom":1,"gnumus:gnumus_claw":4,"minecraft:wooden_pickaxe":1,"gnumus:gnumus_pouch":1,"minecraft:crimson_fungus":1,"minecraft:oak_log":10,"minecraft:chain":2,"minecraft:gunpowder":1,"minecraft:shield":1,"alexsmobs:ancient_dart":1,"warriorsofpastepoch:moldy_cheese":1,"minecraft:string":11,"minecraft:dirt":15,"minecraft:moss_carpet":1,"gnumus:gnumus_pouch_2":2,"minecraft:bone":5,"minecraft:apple":1,"gnumus:gnumus_horn":1,"minecraft:wheat_seeds":7,"minecraft:rabbit_hide":1,"minecraft:iron_ingot":1,"minecraft:beef":6,"born_in_chaos_v1:chipped_black_argillite_brick":2,"minecraft:moss_block":5,"minecraft:sugar_cane":1,"minecraft:iron_sword":1,"minecraft:furnace":2,"minecraft:tipped_arrow":3,"minecraft:raw_iron":13,"minecraft:stick":2,"minecraft:dark_oak_slab":7,"born_in_chaos_v1:shattered_skull":2,"minecraft:raw_gold_block":3,"minecraft:sweet_berries":5,"born_in_chaos_v1:orbofthe_summoner":2,"minecraft:torch":2,"minecraft:poisonous_potato":1,"minecraft:porkchop":19,"born_in_chaos_v1:pieceofdarkmetal":9,"minecraft:carrot":2,"minecraft:dark_oak_log":2,"minecraft:spider_eye":1,"minecraft:arrow":2,"minecraft:blue_terracotta":2,"minecraft:rotten_flesh":37,"born_in_chaos_v1:fire_dust":1,"minecraft:beetroot_seeds":2,"gnumus:gnumus_clay":12,"minecraft:chainmail_leggings":1,"minecraft:hay_block":7,"minecraft:iron_block":4,"minecraft:granite":3,"gnumus:gnumus_chickpeas":8,"born_in_chaos_v1:spiny_shell":3,"born_in_chaos_v1:rotten_fish":2,"minecraft:oak_sapling":2,"gnumus:mouse_skin":16,"minecraft:glow_berries":3,"minecraft:cod":2,"minecraft:coal":33,"minecraft:cobblestone":37},"minecraft:crafted":{"minecraft:oak_planks":36,"minecraft:cooked_porkchop":14,"minecraft:crafting_table":2,"minecraft:wooden_pickaxe":2,"minecraft:iron_sword":2,"minecraft:furnace":2,"minecraft:oak_wood":3,"minecraft:bread":21,"minecraft:air":0,"minecraft:iron_chestplate":1,"minecraft:stick":16,"minecraft:iron_ingot":10,"minecraft:iron_pickaxe":1,"minecraft:stone_pickaxe":2,"minecraft:stone_sword":1,"minecraft:torch":4,"minecraft:wheat":63},"minecraft:mined":{"minecraft:tuff":4,"minecraft:mossy_cobblestone":1,"minecraft:torch":2,"minecraft:granite":3,"minecraft:dark_oak_fence":1,"minecraft:grass_block":33,"born_in_chaos_v1:dark_metal_deposit":8,"minecraft:tall_grass":1,"minecraft:cobblestone":2,"born_in_chaos_v1:chipped_black_argillite_brick":1,"minecraft:spruce_leaves":9,"minecraft:wall_torch":1,"minecraft:hay_block":8,"minecraft:red_terracotta":2,"minecraft:blue_terracotta":4,"minecraft:furnace":2,"minecraft:raw_gold_block":4,"minecraft:iron_ore":14,"minecraft:fire":1,"minecraft:andesite":1,"minecraft:grass":2,"minecraft:coal_ore":28,"minecraft:oak_log":10,"minecraft:dirt":44,"gnumus:fragile_gnumus_jug":6,"minecraft:stone":52,"minecraft:iron_block":4,"minecraft:oak_leaves":4}},"DataVersion":3465}