{"stats":{"minecraft:crafted":{"minecraft:oak_planks":36,"minecraft:furnace":2,"minecraft:stone_pickaxe":2,"minecraft:wheat":63,"minecraft:cooked_porkchop":14,"minecraft:crafting_table":2,"minecraft:wooden_pickaxe":2,"minecraft:iron_sword":2,"minecraft:oak_wood":3,"minecraft:bread":21,"minecraft:air":0,"minecraft:iron_chestplate":1,"minecraft:recovery_compass":1,"minecraft:stick":16,"minecraft:iron_ingot":10,"minecraft:iron_pickaxe":1,"minecraft:stone_sword":1,"minecraft:torch":4},"minecraft:used":{"minecraft:moss_carpet":1,"minecraft:blue_terracotta":2,"minecraft:stone_sword":21,"minecraft:shield":42,"minecraft:iron_sword":184,"minecraft:torch":6,"minecraft:mooshroom_spawn_egg":1,"minecraft:dirt":15,"minecraft:dark_oak_slab":5,"minecraft:furnace":4,"minecraft:egg":1,"minecraft:stone_pickaxe":27,"minecraft:wooden_pickaxe":18,"minecraft:crafting_table":2,"minecraft:bread":36,"minecraft:iron_pickaxe":129,"warriorsofpastepoch:moldy_cheese":1,"minecraft:cobblestone":10,"minecraft:cooked_porkchop":13},"minecraft:dropped":{"minecraft:iron_sword":2,"minecraft:moss_block":5,"minecraft:wheat_seeds":4,"minecraft:dark_oak_slab":2,"minecraft:crossbow":1,"minecraft:granite":3,"born_in_chaos_v1:pieceofdarkmetal":8,"minecraft:iron_block":4,"minecraft:packed_ice":2,"minecraft:chain":2,"born_in_chaos_v1:staffof_magic_arrows":2,"minecraft:string":3,"minecraft:bone":8,"minecraft:sweet_berries":1,"minecraft:stone_sword":1,"minecraft:rotten_flesh":9,"alexsmobs:ancient_dart":1,"minecraft:flower_pot":1,"minecraft:gunpowder":1,"born_in_chaos_v1:chipped_black_argillite_brick":2,"minecraft:blue_ice":2,"minecraft:oak_sapling":2,"minecraft:spider_eye":2,"minecraft:wooden_pickaxe":1},"minecraft:picked_up":{"minecraft:iron_chestplate":2,"minecraft:chicken":3,"minecraft:flower_pot":2,"born_in_chaos_v1:seedof_chaos":11,"gnumus:gnumus_claw":4,"minecraft:brown_mushroom":1,"minecraft:packed_ice":2,"minecraft:wooden_pickaxe":1,"alexsmobs:froststalker_horn":1,"minecraft:chain":2,"minecraft:shield":3,"warriorsofpastepoch:moldy_cheese":1,"minecraft:string":25,"minecraft:moss_carpet":3,"alexsmobs:ancient_dart":1,"minecraft:iron_leggings":2,"minecraft:item_frame":1,"minecraft:beef":6,"minecraft:iron_pickaxe":4,"minecraft:sugar_cane":1,"minecraft:furnace":2,"minecraft:iron_boots":2,"minecraft:egg":1,"minecraft:tipped_arrow":6,"minecraft:stick":2,"minecraft:raw_iron":22,"born_in_chaos_v1:shattered_skull":14,"minecraft:raw_gold_block":6,"minecraft:torch":2,"minecraft:porkchop":25,"born_in_chaos_v1:nightmare_claw":2,"born_in_chaos_v1:pieceofdarkmetal":10,"minecraft:carrot":2,"minecraft:rabbit_foot":1,"minecraft:arrow":4,"minecraft:rotten_flesh":57,"minecraft:beetroot_seeds":2,"minecraft:hay_block":7,"minecraft:iron_block":4,"gnumus:gnumus_chickpeas":8,"born_in_chaos_v1:spiny_shell":3,"minecraft:gold_ingot":25,"minecraft:blaze_rod":8,"gnumus:mouse_skin":32,"minecraft:glow_berries":3,"minecraft:cod":2,"minecraft:cobblestone":49,"born_in_chaos_v1:staffof_magic_arrows":4,"born_in_chaos_v1:spiritual_dust":7,"gnumus:gnumus_pouch":1,"minecraft:crimson_fungus":1,"minecraft:oak_log":10,"born_in_chaos_v1:anluka_doors":2,"minecraft:gunpowder":1,"minecraft:dirt":15,"gnumus:gnumus_pouch_2":2,"born_in_chaos_v1:bottle_of_magical_energy":1,"born_in_chaos_v1:monster_skin":14,"minecraft:bone":12,"minecraft:apple":9,"gnumus:gnumus_horn":1,"minecraft:wheat_seeds":7,"minecraft:rabbit_hide":1,"minecraft:iron_ingot":35,"born_in_chaos_v1:chipped_black_argillite_brick":3,"minecraft:moss_block":5,"minecraft:iron_sword":5,"minecraft:oak_planks":6,"minecraft:dark_oak_slab":7,"minecraft:cooked_porkchop":4,"minecraft:sweet_berries":5,"born_in_chaos_v1:orbofthe_summoner":6,"minecraft:poisonous_potato":1,"minecraft:dark_oak_log":2,"minecraft:spider_eye":3,"minecraft:leather_helmet":1,"minecraft:blue_terracotta":2,"born_in_chaos_v1:fire_dust":29,"gnumus:gnumus_clay":12,"minecraft:chainmail_leggings":2,"minecraft:blue_ice":2,"minecraft:iron_helmet":2,"minecraft:crossbow":1,"minecraft:granite":3,"minecraft:emerald":28,"minecraft:bread":42,"minecraft:oak_sapling":2,"born_in_chaos_v1:rotten_fish":4,"minecraft:coal":107,"minecraft:ender_pearl":12},"minecraft:mined":{"minecraft:tuff":4,"minecraft:mossy_cobblestone":1,"minecraft:dark_oak_fence":1,"minecraft:granite":3,"born_in_chaos_v1:dark_metal_deposit":9,"minecraft:grass_block":34,"minecraft:spruce_leaves":9,"minecraft:spawner":1,"minecraft:hay_block":8,"minecraft:furnace":2,"minecraft:raw_gold_block":4,"minecraft:iron_ore":23,"minecraft:fire":3,"minecraft:andesite":1,"minecraft:moss_carpet":1,"gnumus:fragile_gnumus_jug":6,"minecraft:stone":62,"minecraft:iron_block":4,"minecraft:powder_snow":37,"minecraft:torch":2,"minecraft:tall_grass":1,"minecraft:cobblestone":10,"born_in_chaos_v1:chipped_black_argillite_brick":2,"minecraft:wall_torch":1,"minecraft:chain":1,"minecraft:red_terracotta":2,"minecraft:blue_terracotta":4,"minecraft:grass":2,"minecraft:oak_log":10,"minecraft:coal_ore":28,"minecraft:sand":1,"born_in_chaos_v1:rotten_soil":1,"minecraft:dirt":44,"minecraft:oak_leaves":4,"minecraft:fern":1},"minecraft:killed":{"born_in_chaos_v1:zombie_lumberjack":1,"minecraft:spider":1,"born_in_chaos_v1:thornshell_crab":2,"alexsmobs:froststalker":2,"minecraft:skeleton":1,"gnumus:gnumus_worker":1,"gnumus:pitcher_mousse":1,"born_in_chaos_v1:corpse_fish":2,"born_in_chaos_v1:supreme_bonescaller_stage_2":1,"born_in_chaos_v1:firelight_not_despawn":3,"born_in_chaos_v1:mr_pumpkin_controlled":1,"born_in_chaos_v1:barrel_zombie":1,"gnumus:gnumus_hunter_not_dispawn":2,"minecraft:husk":2,"minecraft:pig":11,"born_in_chaos_v1:bone_imp_minion":2,"gnumus:big_snout":1,"minecraft:pillager":2,"minecraft:stray":1},"minecraft:killed_by":{"minecraft:husk":1,"minecraft:pillager":1,"alexsmobs:grizzly_bear":1},"minecraft:custom":{"minecraft:interact_with_anvil":1,"minecraft:mob_kills":38,"minecraft:interact_with_crafting_table":15,"minecraft:open_barrel":14,"minecraft:damage_dealt_resisted":686,"minecraft:leave_game":13,"minecraft:time_since_death":25279,"minecraft:climb_one_cm":316,"minecraft:sprint_one_cm":446403,"minecraft:walk_one_cm":491923,"minecraft:damage_blocked_by_shield":666,"minecraft:drop":34,"minecraft:talked_to_villager":2,"minecraft:play_time":135388,"minecraft:deaths":3,"minecraft:sneak_time":4402,"minecraft:walk_under_water_one_cm":16300,"minecraft:interact_with_brewingstand":1,"minecraft:jump":1941,"minecraft:walk_on_water_one_cm":21446,"minecraft:total_world_time":135388,"minecraft:interact_with_furnace":17,"minecraft:traded_with_villager":1,"minecraft:sleep_in_bed":2,"minecraft:time_since_rest":25568,"minecraft:damage_taken":3528,"minecraft:trigger_trapped_chest":1,"minecraft:damage_dealt":8377,"minecraft:swim_one_cm":59266,"minecraft:fly_one_cm":361685,"minecraft:open_chest":64,"minecraft:crouch_one_cm":7926,"minecraft:fall_one_cm":48205}},"DataVersion":3465}