{"stats":{"minecraft:killed_by":{"alexsmobs:grizzly_bear":1},"minecraft:custom":{"minecraft:time_since_rest":11594,"minecraft:interact_with_furnace":5,"minecraft:sprint_one_cm":52168,"minecraft:damage_taken":340,"minecraft:walk_one_cm":60141,"minecraft:damage_dealt":100,"minecraft:swim_one_cm":14001,"minecraft:interact_with_crafting_table":6,"minecraft:fly_one_cm":50368,"minecraft:crouch_one_cm":408,"minecraft:play_time":18684,"minecraft:deaths":1,"minecraft:sneak_time":514,"minecraft:walk_under_water_one_cm":6140,"minecraft:jump":305,"minecraft:leave_game":1,"minecraft:time_since_death":11563,"minecraft:walk_on_water_one_cm":729,"minecraft:total_world_time":18684,"minecraft:fall_one_cm":10957},"minecraft:used":{"minecraft:stone_sword":2,"minecraft:stone_pickaxe":27,"minecraft:iron_pickaxe":20,"minecraft:wooden_pickaxe":18,"minecraft:crafting_table":2,"minecraft:furnace":1},"minecraft:picked_up":{"minecraft:stick":2,"minecraft:raw_iron":7,"minecraft:wooden_pickaxe":1,"minecraft:oak_log":10,"minecraft:dirt":6,"minecraft:beetroot_seeds":2,"minecraft:oak_sapling":1,"minecraft:coal":30,"minecraft:cobblestone":30},"minecraft:mined":{"minecraft:iron_ore":8,"minecraft:grass":1,"minecraft:coal_ore":28,"minecraft:grass_block":5,"minecraft:oak_log":10,"minecraft:dirt":1,"minecraft:stone":29,"minecraft:oak_leaves":3},"minecraft:crafted":{"minecraft:oak_planks":36,"minecraft:crafting_table":2,"minecraft:stick":12,"minecraft:iron_ingot":4,"minecraft:wooden_pickaxe":2,"minecraft:iron_pickaxe":1,"minecraft:stone_pickaxe":2,"minecraft:stone_sword":1,"minecraft:furnace":1,"minecraft:oak_wood":3,"minecraft:torch":4,"minecraft:air":0}},"DataVersion":3465}