{"stats":{"minecraft:killed_by":{"alexsmobs:grizzly_bear":1},"minecraft:custom":{"minecraft:time_since_rest":221,"minecraft:deaths":1,"minecraft:crouch_one_cm":59,"minecraft:play_time":7311,"minecraft:sprint_one_cm":22136,"minecraft:damage_taken":260,"minecraft:walk_one_cm":16591,"minecraft:sneak_time":445,"minecraft:walk_under_water_one_cm":6140,"minecraft:jump":131,"minecraft:leave_game":1,"minecraft:walk_on_water_one_cm":729,"minecraft:time_since_death":190,"minecraft:total_world_time":7311,"minecraft:swim_one_cm":14001,"minecraft:interact_with_crafting_table":2,"minecraft:fall_one_cm":6332,"minecraft:fly_one_cm":24719},"minecraft:used":{"minecraft:stone_pickaxe":3,"minecraft:wooden_pickaxe":9},"minecraft:picked_up":{"minecraft:raw_iron":1,"minecraft:stick":2,"minecraft:beetroot_seeds":2,"minecraft:wooden_pickaxe":1,"minecraft:oak_log":4,"minecraft:coal":2,"minecraft:cobblestone":9},"minecraft:crafted":{"minecraft:oak_planks":16,"minecraft:stick":4,"minecraft:wooden_pickaxe":1,"minecraft:stone_pickaxe":1},"minecraft:mined":{"minecraft:coal_ore":2,"minecraft:oak_log":4,"minecraft:iron_ore":1,"minecraft:stone":9,"minecraft:oak_leaves":3}},"DataVersion":3465}