{"stats":{"minecraft:killed_by":{"alexsmobs:grizzly_bear":1},"minecraft:custom":{"minecraft:time_since_rest":23594,"minecraft:interact_with_furnace":14,"minecraft:sprint_one_cm":101426,"minecraft:damage_taken":440,"minecraft:walk_one_cm":103336,"minecraft:mob_kills":12,"minecraft:drop":7,"minecraft:damage_dealt":1502,"minecraft:swim_one_cm":29927,"minecraft:interact_with_crafting_table":10,"minecraft:fly_one_cm":93269,"minecraft:open_chest":1,"minecraft:crouch_one_cm":648,"minecraft:play_time":30684,"minecraft:deaths":1,"minecraft:sneak_time":628,"minecraft:walk_under_water_one_cm":6774,"minecraft:jump":594,"minecraft:leave_game":1,"minecraft:time_since_death":23563,"minecraft:walk_on_water_one_cm":2612,"minecraft:total_world_time":30684,"minecraft:fall_one_cm":15455},"minecraft:killed":{"minecraft:pig":10,"born_in_chaos_v1:zombie_lumberjack":1,"born_in_chaos_v1:firelight_not_despawn":1},"minecraft:used":{"minecraft:stone_sword":21,"minecraft:stone_pickaxe":27,"minecraft:iron_pickaxe":43,"minecraft:wooden_pickaxe":18,"minecraft:iron_sword":9,"minecraft:torch":1,"minecraft:dirt":9,"minecraft:crafting_table":2,"minecraft:furnace":2,"minecraft:cooked_porkchop":4},"minecraft:dropped":{"minecraft:stone_sword":1,"minecraft:oak_sapling":2,"minecraft:granite":3,"minecraft:wooden_pickaxe":1},"minecraft:picked_up":{"minecraft:stick":2,"minecraft:raw_iron":13,"minecraft:sweet_berries":1,"minecraft:torch":1,"minecraft:wooden_pickaxe":1,"minecraft:porkchop":19,"minecraft:oak_log":10,"minecraft:gunpowder":1,"born_in_chaos_v1:pieceofdarkmetal":1,"minecraft:dark_oak_log":2,"minecraft:dirt":12,"minecraft:rotten_flesh":4,"born_in_chaos_v1:fire_dust":1,"minecraft:beetroot_seeds":2,"minecraft:iron_ingot":1,"minecraft:granite":3,"born_in_chaos_v1:chipped_black_argillite_brick":1,"minecraft:oak_sapling":2,"minecraft:moss_block":2,"minecraft:sugar_cane":1,"minecraft:coal":30,"minecraft:cobblestone":34,"minecraft:furnace":1},"minecraft:mined":{"minecraft:furnace":1,"minecraft:fire":1,"minecraft:iron_ore":14,"minecraft:granite":3,"minecraft:grass":1,"born_in_chaos_v1:dark_metal_deposit":1,"minecraft:coal_ore":28,"minecraft:grass_block":5,"minecraft:oak_log":10,"minecraft:dirt":8,"gnumus:fragile_gnumus_jug":3,"born_in_chaos_v1:chipped_black_argillite_brick":1,"minecraft:stone":33,"minecraft:oak_leaves":3},"minecraft:crafted":{"minecraft:oak_planks":36,"minecraft:iron_chestplate":1,"minecraft:cooked_porkchop":14,"minecraft:crafting_table":2,"minecraft:stick":16,"minecraft:iron_ingot":10,"minecraft:wooden_pickaxe":2,"minecraft:iron_pickaxe":1,"minecraft:stone_pickaxe":2,"minecraft:stone_sword":1,"minecraft:iron_sword":1,"minecraft:furnace":2,"minecraft:oak_wood":3,"minecraft:torch":4,"minecraft:air":0}},"DataVersion":3465}