{"stats":{"minecraft:custom":{"minecraft:time_since_rest":3386,"minecraft:interact_with_furnace":13,"minecraft:sprint_one_cm":63388,"minecraft:damage_taken":340,"minecraft:walk_one_cm":28117,"minecraft:mob_kills":11,"minecraft:drop":2,"minecraft:damage_dealt":1340,"minecraft:interact_with_crafting_table":4,"minecraft:fly_one_cm":121703,"minecraft:open_chest":1,"minecraft:crouch_one_cm":994,"minecraft:play_time":25991,"minecraft:deaths":1,"minecraft:sneak_time":379,"minecraft:jump":463,"minecraft:leave_game":1,"minecraft:walk_on_water_one_cm":343,"minecraft:time_since_death":3340,"minecraft:sleep_in_bed":2,"minecraft:total_world_time":25991,"minecraft:fall_one_cm":19813},"minecraft:killed":{"minecraft:pig":5,"minecraft:chicken":4,"alexsmobs:skunk":1,"born_in_chaos_v1:pumpkin_spirit":1},"minecraft:used":{"minecraft:wheat_seeds":100,"minecraft:stone_pickaxe":6,"minecraft:wooden_pickaxe":16,"minecraft:cooked_chicken":1,"minecraft:stone_axe":28,"minecraft:crafting_table":2,"minecraft:furnace":2,"minecraft:cooked_porkchop":1},"minecraft:dropped":{"minecraft:oak_button":1,"minecraft:wooden_pickaxe":1},"minecraft:picked_up":{"minecraft:stick":10,"minecraft:raw_iron":8,"minecraft:crafting_table":4,"minecraft:wheat":38,"minecraft:feather":8,"minecraft:chicken":4,"minecraft:cooked_porkchop":5,"born_in_chaos_v1:ethereal_spirit":2,"minecraft:potato":2,"minecraft:porkchop":7,"minecraft:oak_log":10,"minecraft:carrot":6,"alexsmobs:animal_dictionary":1,"minecraft:dirt":2,"minecraft:beetroot":5,"minecraft:apple":5,"minecraft:stone_axe":1,"minecraft:wheat_seeds":100,"minecraft:hay_block":2,"minecraft:stone_pickaxe":1,"minecraft:cooked_chicken":3,"minecraft:bone_meal":6,"minecraft:bread":15,"minecraft:cobblestone":18,"minecraft:furnace":2},"minecraft:mined":{"minecraft:furnace":2,"minecraft:iron_ore":4,"minecraft:wheat":37,"minecraft:crafting_table":3,"minecraft:grass":5,"minecraft:grass_block":1,"minecraft:potatoes":1,"minecraft:oak_log":10,"minecraft:tall_grass":6,"minecraft:stone":16,"minecraft:oak_leaves":1},"minecraft:crafted":{"minecraft:oak_planks":40,"minecraft:cooked_porkchop":7,"minecraft:stick":12,"minecraft:cooked_chicken":4,"minecraft:wooden_pickaxe":1,"minecraft:stone_pickaxe":1,"minecraft:furnace":1,"minecraft:oak_button":1,"minecraft:stone_axe":1,"minecraft:bread":12,"minecraft:air":0}},"DataVersion":3465}