{"stats":{"minecraft:custom":{"minecraft:interact_with_smithing_table":1,"minecraft:mob_kills":94,"minecraft:interact_with_crafting_table":18,"minecraft:open_barrel":30,"minecraft:damage_dealt_resisted":1495,"minecraft:leave_game":1,"minecraft:time_since_death":87340,"minecraft:climb_one_cm":2402,"minecraft:sprint_one_cm":285686,"minecraft:walk_one_cm":297053,"minecraft:damage_blocked_by_shield":60,"minecraft:drop":91,"minecraft:play_noteblock":3,"minecraft:play_time":109991,"minecraft:deaths":1,"minecraft:sneak_time":2754,"minecraft:walk_under_water_one_cm":5804,"minecraft:jump":1751,"minecraft:interact_with_brewingstand":1,"minecraft:interact_with_blast_furnace":1,"minecraft:walk_on_water_one_cm":10830,"minecraft:total_world_time":109991,"minecraft:interact_with_furnace":38,"minecraft:tune_noteblock":1,"minecraft:sleep_in_bed":3,"minecraft:time_since_rest":56402,"minecraft:damage_taken":2850,"minecraft:trigger_trapped_chest":1,"minecraft:damage_dealt":17320,"minecraft:fly_one_cm":415597,"minecraft:swim_one_cm":30873,"minecraft:open_chest":76,"minecraft:crouch_one_cm":11439,"minecraft:fall_one_cm":55803},"minecraft:killed":{"minecraft:vex":1,"minecraft:cave_spider":1,"born_in_chaos_v1:mr_pumpkin":1,"born_in_chaos_v1:sir_the_headless":1,"gnumus:pitcher_mouse_pac":1,"born_in_chaos_v1:pumpkin_spirit":2,"minecraft:spider":1,"born_in_chaos_v1:skeleton_thrasher_not_despawn":1,"born_in_chaos_v1:baby_skeleton_minion":2,"born_in_chaos_v1:maggot":4,"minecraft:skeleton":1,"gnumus:gnumus_worker":8,"minecraft:chicken":4,"gnumus:pitcher_mousse":3,"born_in_chaos_v1:supreme_bonescaller_stage_2":1,"gnumus:gnumus_hunter_not_dispawn":5,"minecraft:husk":12,"born_in_chaos_v1:felsteed":1,"minecraft:pig":5,"gnumus:gnumus_shaman":1,"born_in_chaos_v1:bone_imp_minion":4,"minecraft:zombie_villager":17,"alexsmobs:skunk":1,"gnumus:big_snout":1,"minecraft:sheep":6,"born_in_chaos_v1:bloody_gadfly":3,"alexsmobs:terrapin":1,"born_in_chaos_v1:bonescaller_not_despawn":1,"minecraft:stray":3},"minecraft:used":{"minecraft:trident":2,"minecraft:chest":2,"minecraft:shield":1,"minecraft:iron_sword":79,"minecraft:cooked_chicken":4,"minecraft:dirt":2,"minecraft:iron_axe":6,"minecraft:bow":4,"minecraft:hay_block":2,"born_in_chaos_v1:fel_lamp":1,"minecraft:furnace":5,"minecraft:wheat_seeds":100,"minecraft:cooked_mutton":17,"minecraft:stone_pickaxe":104,"minecraft:oak_planks":8,"minecraft:wooden_pickaxe":16,"simplyswords:diamond_greataxe":145,"minecraft:crafting_table":6,"minecraft:bread":3,"minecraft:iron_pickaxe":33,"warriorsofpastepoch:moldy_cheese":1,"minecraft:stone_axe":36,"minecraft:cooked_porkchop":14},"minecraft:dropped":{"minecraft:bread":213,"minecraft:iron_sword":1,"minecraft:moss_block":3,"minecraft:golden_pickaxe":1,"minecraft:mossy_cobblestone":1,"minecraft:crafting_table":1,"minecraft:dark_oak_slab":2,"minecraft:feather":8,"born_in_chaos_v1:pieceofdarkmetal":8,"minecraft:leather_helmet":1,"minecraft:dirt":37,"born_in_chaos_v1:pumpkin_staff":1,"minecraft:bone_meal":3,"born_in_chaos_v1:staffof_magic_arrows":1,"minecraft:string":3,"minecraft:white_wool":1,"minecraft:bone":2,"minecraft:furnace":4,"minecraft:moss_carpet":1,"minecraft:sweet_berries":2,"minecraft:sugar_cane":2,"minecraft:tuff":34,"minecraft:wheat":449,"minecraft:rotten_flesh":4,"minecraft:oak_planks":8,"minecraft:comparator":1,"alexsmobs:ancient_dart":1,"minecraft:light_gray_carpet":5,"minecraft:pumpkin_seeds":23,"minecraft:rabbit_hide":7,"minecraft:oak_button":1,"minecraft:andesite":1,"born_in_chaos_v1:corpse_maggot":1,"minecraft:wooden_pickaxe":1,"minecraft:stone_pickaxe":1},"minecraft:broken":{"minecraft:leather_helmet":1},"minecraft:picked_up":{"gnumus:gnumus_totem":1,"minecraft:crafting_table":5,"minecraft:wheat":255,"minecraft:chicken":7,"born_in_chaos_v1:seedof_chaos":6,"gnumus:gnumus_claw":16,"minecraft:gold_block":1,"minecraft:enchanted_book":1,"minecraft:raw_copper":2,"warriorsofpastepoch:moldy_cheese":1,"minecraft:string":3,"minecraft:moss_carpet":1,"alexsmobs:ancient_dart":1,"minecraft:item_frame":1,"minecraft:beetroot":5,"minecraft:comparator":1,"minecraft:beef":6,"minecraft:sugar_cane":2,"minecraft:phantom_membrane":4,"minecraft:furnace":7,"minecraft:stick":11,"minecraft:raw_iron":9,"minecraft:raw_gold_block":2,"gnumus:juicy_meat":10,"minecraft:acacia_log":6,"minecraft:porkchop":7,"born_in_chaos_v1:pieceofdarkmetal":8,"minecraft:carrot":8,"minecraft:tnt":3,"minecraft:rotten_flesh":7,"minecraft:hay_block":49,"minecraft:iron_block":4,"gnumus:gnumus_chickpeas":24,"gnumus:gnumus_pouch_3":1,"gnumus:mouse_skin":28,"minecraft:glow_berries":3,"minecraft:mutton":12,"minecraft:cod":4,"minecraft:white_wool":1,"minecraft:cobblestone":52,"born_in_chaos_v1:staffof_magic_arrows":1,"born_in_chaos_v1:corpse_maggot":1,"gnumus:gnumus_doubloons":53,"minecraft:feather":12,"born_in_chaos_v1:pumpkin_staff":1,"gnumus:overripe_carrot":11,"minecraft:andesite":1,"minecraft:leather":11,"minecraft:potato":9,"gnumus:gnumus_pouch":8,"minecraft:tuff":34,"minecraft:oak_log":16,"minecraft:dirt":49,"gnumus:gnumus_pouch_2":6,"minecraft:bone":24,"minecraft:acacia_planks":16,"minecraft:apple":9,"gnumus:gnumus_horn":1,"minecraft:wheat_seeds":106,"minecraft:raw_gold":12,"minecraft:rabbit_hide":7,"minecraft:stone_pickaxe":1,"minecraft:iron_ingot":66,"minecraft:cooked_chicken":3,"born_in_chaos_v1:fel_lamp":1,"minecraft:rabbit":3,"minecraft:moss_block":3,"minecraft:oak_planks":8,"minecraft:iron_sword":2,"minecraft:book":1,"minecraft:dark_oak_slab":2,"minecraft:cooked_porkchop":5,"minecraft:sweet_berries":4,"born_in_chaos_v1:orbofthe_summoner":1,"born_in_chaos_v1:ethereal_spirit":4,"minecraft:dripstone_block":9,"gnumus:gnumus_cheese":3,"minecraft:leather_helmet":1,"alexsmobs:animal_dictionary":1,"minecraft:mossy_cobblestone":1,"minecraft:pumpkin_seeds":23,"gnumus:vintage_parts":3,"minecraft:diamond":1,"minecraft:stone_axe":1,"gnumus:gnumus_clay":40,"minecraft:bone_meal":6,"minecraft:bread":198,"minecraft:light_gray_carpet":5,"minecraft:coal":24,"minecraft:ender_pearl":2},"minecraft:crafted":{"minecraft:oak_planks":64,"minecraft:cooked_chicken":4,"minecraft:furnace":2,"minecraft:cooked_mutton":9,"minecraft:iron_boots":1,"minecraft:stone_pickaxe":1,"minecraft:chest":2,"minecraft:oak_button":1,"minecraft:wheat":395,"minecraft:cooked_porkchop":7,"minecraft:crafting_table":3,"minecraft:wooden_pickaxe":1,"minecraft:gold_block":3,"minecraft:stone_axe":1,"minecraft:bread":150,"minecraft:air":0,"minecraft:shield":1,"minecraft:raw_gold":18,"minecraft:stick":12,"minecraft:iron_ingot":3,"minecraft:iron_pickaxe":1,"minecraft:acacia_planks":24},"minecraft:mined":{"minecraft:tuff":12,"warriorsofpastepoch:cistus":1,"minecraft:mossy_cobblestone":1,"minecraft:potted_crimson_fungus":1,"minecraft:acacia_log":6,"minecraft:grass_block":18,"minecraft:moss_block":1,"minecraft:spawner":2,"minecraft:hay_block":46,"minecraft:furnace":3,"minecraft:raw_gold_block":1,"minecraft:iron_ore":4,"minecraft:gold_block":1,"minecraft:potatoes":1,"gnumus:fragile_gnumus_jug":29,"minecraft:stone":28,"minecraft:light_gray_carpet":5,"minecraft:crafting_table":4,"minecraft:note_block":1,"minecraft:tall_grass":19,"minecraft:cobblestone":2,"born_in_chaos_v1:chipped_black_argillite_brick":1,"minecraft:deepslate_gold_ore":3,"minecraft:oak_planks":4,"minecraft:chain":1,"minecraft:wheat":37,"minecraft:tnt":3,"minecraft:grass":9,"minecraft:oak_log":16,"minecraft:coal_ore":12,"minecraft:dirt":25,"minecraft:cobweb":1,"minecraft:gold_ore":4,"minecraft:oak_leaves":4}},"DataVersion":3465}