{"stats":{"minecraft:custom":{"minecraft:interact_with_smithing_table":1,"minecraft:mob_kills":76,"minecraft:interact_with_crafting_table":15,"minecraft:open_barrel":26,"minecraft:damage_dealt_resisted":1201,"minecraft:leave_game":1,"minecraft:time_since_death":63340,"minecraft:climb_one_cm":2402,"minecraft:sprint_one_cm":233761,"minecraft:walk_one_cm":209590,"minecraft:drop":50,"minecraft:play_noteblock":3,"minecraft:play_time":85991,"minecraft:deaths":1,"minecraft:sneak_time":2112,"minecraft:walk_under_water_one_cm":2289,"minecraft:jump":1552,"minecraft:interact_with_brewingstand":1,"minecraft:interact_with_blast_furnace":1,"minecraft:walk_on_water_one_cm":5229,"minecraft:total_world_time":85991,"minecraft:interact_with_furnace":38,"minecraft:tune_noteblock":1,"minecraft:sleep_in_bed":3,"minecraft:time_since_rest":32402,"minecraft:damage_taken":1577,"minecraft:trigger_trapped_chest":1,"minecraft:damage_dealt":13962,"minecraft:fly_one_cm":382918,"minecraft:swim_one_cm":25418,"minecraft:open_chest":62,"minecraft:crouch_one_cm":9123,"minecraft:fall_one_cm":52606},"minecraft:killed":{"minecraft:vex":1,"minecraft:cave_spider":1,"gnumus:pitcher_mouse_pac":1,"born_in_chaos_v1:pumpkin_spirit":2,"minecraft:spider":1,"born_in_chaos_v1:skeleton_thrasher_not_despawn":1,"born_in_chaos_v1:baby_skeleton_minion":2,"born_in_chaos_v1:maggot":2,"minecraft:skeleton":1,"gnumus:gnumus_worker":8,"minecraft:chicken":4,"gnumus:pitcher_mousse":3,"born_in_chaos_v1:supreme_bonescaller_stage_2":1,"gnumus:gnumus_hunter_not_dispawn":5,"minecraft:pig":5,"gnumus:gnumus_shaman":1,"born_in_chaos_v1:bone_imp_minion":4,"minecraft:zombie_villager":17,"alexsmobs:skunk":1,"gnumus:big_snout":1,"minecraft:sheep":6,"born_in_chaos_v1:bloody_gadfly":3,"born_in_chaos_v1:bonescaller_not_despawn":1,"minecraft:stray":3},"minecraft:used":{"minecraft:trident":2,"minecraft:chest":2,"minecraft:iron_sword":40,"minecraft:cooked_chicken":4,"minecraft:iron_axe":6,"minecraft:hay_block":2,"minecraft:furnace":5,"minecraft:wheat_seeds":100,"minecraft:stone_pickaxe":104,"minecraft:oak_planks":8,"minecraft:wooden_pickaxe":16,"simplyswords:diamond_greataxe":128,"minecraft:crafting_table":6,"minecraft:bread":3,"minecraft:iron_pickaxe":33,"warriorsofpastepoch:moldy_cheese":1,"minecraft:stone_axe":36,"minecraft:cooked_porkchop":14},"minecraft:dropped":{"minecraft:bread":213,"minecraft:iron_sword":1,"minecraft:moss_block":3,"minecraft:golden_pickaxe":1,"minecraft:mossy_cobblestone":1,"minecraft:crafting_table":1,"minecraft:feather":8,"minecraft:bone_meal":3,"minecraft:string":3,"minecraft:white_wool":1,"minecraft:bone":2,"minecraft:furnace":4,"minecraft:moss_carpet":1,"minecraft:sweet_berries":2,"minecraft:sugar_cane":2,"minecraft:tuff":34,"minecraft:wheat":449,"minecraft:oak_planks":8,"minecraft:comparator":1,"alexsmobs:ancient_dart":1,"minecraft:light_gray_carpet":5,"minecraft:rabbit_hide":7,"minecraft:oak_button":1,"minecraft:andesite":1,"born_in_chaos_v1:corpse_maggot":1,"minecraft:wooden_pickaxe":1,"minecraft:stone_pickaxe":1},"minecraft:picked_up":{"minecraft:crafting_table":5,"minecraft:wheat":255,"minecraft:chicken":4,"born_in_chaos_v1:seedof_chaos":3,"gnumus:gnumus_claw":10,"minecraft:gold_block":1,"warriorsofpastepoch:moldy_cheese":1,"minecraft:string":3,"minecraft:moss_carpet":1,"alexsmobs:ancient_dart":1,"minecraft:beetroot":5,"minecraft:comparator":1,"minecraft:sugar_cane":2,"minecraft:phantom_membrane":4,"minecraft:furnace":7,"minecraft:stick":11,"minecraft:raw_iron":9,"minecraft:raw_gold_block":2,"gnumus:juicy_meat":10,"minecraft:acacia_log":6,"minecraft:porkchop":7,"minecraft:carrot":8,"minecraft:tnt":3,"minecraft:hay_block":49,"gnumus:gnumus_pouch_3":1,"minecraft:mutton":9,"minecraft:cod":4,"minecraft:white_wool":1,"minecraft:cobblestone":32,"born_in_chaos_v1:corpse_maggot":1,"gnumus:gnumus_doubloons":18,"minecraft:feather":12,"gnumus:overripe_carrot":5,"minecraft:andesite":1,"minecraft:leather":7,"minecraft:potato":9,"gnumus:gnumus_pouch":8,"minecraft:tuff":34,"minecraft:oak_log":16,"minecraft:dirt":10,"gnumus:gnumus_pouch_2":6,"minecraft:bone":22,"minecraft:acacia_planks":16,"minecraft:apple":7,"gnumus:gnumus_horn":1,"minecraft:wheat_seeds":100,"minecraft:raw_gold":12,"minecraft:rabbit_hide":7,"minecraft:stone_pickaxe":1,"minecraft:iron_ingot":2,"minecraft:cooked_chicken":3,"minecraft:moss_block":3,"minecraft:oak_planks":8,"minecraft:iron_sword":1,"minecraft:cooked_porkchop":5,"minecraft:sweet_berries":2,"born_in_chaos_v1:ethereal_spirit":3,"gnumus:gnumus_cheese":1,"alexsmobs:animal_dictionary":1,"minecraft:mossy_cobblestone":1,"gnumus:vintage_parts":3,"minecraft:stone_axe":1,"minecraft:bone_meal":6,"minecraft:bread":198,"minecraft:light_gray_carpet":5,"minecraft:coal":18},"minecraft:crafted":{"minecraft:oak_planks":64,"minecraft:cooked_chicken":4,"minecraft:furnace":2,"minecraft:cooked_mutton":9,"minecraft:iron_boots":1,"minecraft:stone_pickaxe":1,"minecraft:chest":2,"minecraft:oak_button":1,"minecraft:wheat":395,"minecraft:cooked_porkchop":7,"minecraft:crafting_table":3,"minecraft:wooden_pickaxe":1,"minecraft:gold_block":3,"minecraft:stone_axe":1,"minecraft:bread":150,"minecraft:air":0,"minecraft:shield":1,"minecraft:raw_gold":18,"minecraft:stick":12,"minecraft:iron_ingot":3,"minecraft:iron_pickaxe":1,"minecraft:acacia_planks":24},"minecraft:mined":{"minecraft:tuff":12,"warriorsofpastepoch:cistus":1,"minecraft:mossy_cobblestone":1,"minecraft:potted_crimson_fungus":1,"minecraft:acacia_log":6,"minecraft:grass_block":4,"minecraft:moss_block":1,"minecraft:spawner":2,"minecraft:hay_block":46,"minecraft:furnace":3,"minecraft:raw_gold_block":1,"minecraft:iron_ore":4,"minecraft:gold_block":1,"minecraft:potatoes":1,"gnumus:fragile_gnumus_jug":29,"minecraft:stone":28,"minecraft:light_gray_carpet":5,"minecraft:crafting_table":4,"minecraft:note_block":1,"minecraft:tall_grass":19,"minecraft:cobblestone":2,"born_in_chaos_v1:chipped_black_argillite_brick":1,"minecraft:deepslate_gold_ore":3,"minecraft:oak_planks":4,"minecraft:chain":1,"minecraft:wheat":37,"minecraft:tnt":3,"minecraft:grass":8,"minecraft:oak_log":16,"minecraft:coal_ore":12,"minecraft:dirt":5,"minecraft:cobweb":1,"minecraft:gold_ore":4,"minecraft:oak_leaves":4}},"DataVersion":3465}