{"stats":{"minecraft:crafted":{"minecraft:oak_planks":64,"minecraft:cooked_chicken":4,"minecraft:furnace":3,"minecraft:cooked_mutton":9,"minecraft:iron_boots":1,"minecraft:stone_pickaxe":2,"minecraft:chest":2,"minecraft:oak_button":1,"minecraft:wheat":395,"minecraft:cooked_porkchop":7,"minecraft:crafting_table":3,"minecraft:wooden_pickaxe":1,"minecraft:iron_sword":1,"minecraft:gold_block":3,"minecraft:stone_axe":2,"minecraft:bread":150,"minecraft:air":0,"minecraft:shield":1,"minecraft:raw_gold":18,"minecraft:stick":32,"minecraft:iron_pickaxe":1,"minecraft:iron_ingot":3,"minecraft:acacia_planks":36,"minecraft:torch":60},"minecraft:used":{"minecraft:trident":2,"minecraft:chest":2,"minecraft:shield":2,"minecraft:iron_sword":96,"minecraft:cooked_chicken":9,"minecraft:torch":15,"minecraft:dirt":2,"minecraft:iron_axe":6,"minecraft:iron_boots":1,"minecraft:bow":4,"minecraft:hay_block":2,"minecraft:furnace":6,"born_in_chaos_v1:fel_lamp":1,"minecraft:iron_leggings":1,"minecraft:wheat_seeds":100,"minecraft:cooked_mutton":19,"minecraft:stone_pickaxe":196,"minecraft:oak_planks":8,"minecraft:wooden_pickaxe":16,"simplyswords:diamond_greataxe":160,"minecraft:crafting_table":6,"minecraft:ghast_spawn_egg":1,"minecraft:bread":6,"minecraft:iron_pickaxe":33,"warriorsofpastepoch:moldy_cheese":1,"minecraft:stone_axe":43,"minecraft:cobblestone":8,"minecraft:cooked_porkchop":15},"minecraft:dropped":{"minecraft:bread":213,"minecraft:iron_sword":1,"minecraft:moss_block":3,"minecraft:wheat_seeds":6,"minecraft:golden_pickaxe":1,"minecraft:mossy_cobblestone":1,"minecraft:ender_pearl":6,"minecraft:crafting_table":1,"minecraft:feather":8,"minecraft:dark_oak_slab":2,"born_in_chaos_v1:pieceofdarkmetal":8,"minecraft:leather_helmet":1,"minecraft:dirt":37,"born_in_chaos_v1:pumpkin_staff":1,"minecraft:bone_meal":3,"born_in_chaos_v1:staffof_magic_arrows":1,"minecraft:string":3,"minecraft:white_wool":1,"minecraft:bone":2,"minecraft:furnace":4,"minecraft:moss_carpet":2,"minecraft:sweet_berries":4,"minecraft:sugar_cane":2,"minecraft:tuff":34,"minecraft:wheat":449,"minecraft:rotten_flesh":9,"minecraft:oak_planks":8,"minecraft:iron_boots":1,"minecraft:comparator":1,"alexsmobs:ancient_dart":1,"minecraft:light_gray_carpet":5,"minecraft:pumpkin_seeds":23,"minecraft:rabbit_hide":7,"minecraft:shield":1,"minecraft:oak_button":1,"minecraft:andesite":1,"born_in_chaos_v1:corpse_maggot":3,"minecraft:wooden_pickaxe":1,"minecraft:stone_pickaxe":2},"minecraft:picked_up":{"gnumus:gnumus_totem":1,"minecraft:crafting_table":5,"minecraft:wheat":255,"minecraft:chicken":7,"born_in_chaos_v1:seedof_chaos":15,"gnumus:gnumus_claw":16,"minecraft:potion":3,"minecraft:gold_block":1,"minecraft:enchanted_book":2,"minecraft:shield":4,"minecraft:red_bed":1,"minecraft:raw_copper":2,"warriorsofpastepoch:moldy_cheese":1,"minecraft:string":5,"minecraft:moss_carpet":2,"alexsmobs:ancient_dart":1,"born_in_chaos_v1:intoxicating_decoction":2,"born_in_chaos_v1:dark_upgrade":2,"minecraft:iron_leggings":1,"minecraft:item_frame":1,"minecraft:beetroot":5,"simplyswords:runic_tablet":3,"minecraft:comparator":1,"minecraft:beef":6,"born_in_chaos_v1:gnawed_bones":1,"born_in_chaos_v1:stimulating_decoction":1,"minecraft:sugar_cane":2,"minecraft:phantom_membrane":4,"minecraft:iron_boots":1,"minecraft:furnace":7,"minecraft:stick":11,"minecraft:raw_iron":30,"minecraft:raw_gold_block":11,"minecraft:torch":1,"gnumus:juicy_meat":10,"simplyswords:diamond_greataxe":2,"minecraft:acacia_log":9,"minecraft:porkchop":7,"born_in_chaos_v1:pileof_dark_metal":4,"minecraft:carrot":8,"born_in_chaos_v1:pieceofdarkmetal":8,"minecraft:goat_horn":1,"minecraft:tnt":3,"minecraft:rotten_flesh":13,"minecraft:hay_block":49,"minecraft:iron_block":4,"gnumus:gnumus_chickpeas":24,"gnumus:gnumus_pouch_3":1,"gnumus:mouse_skin":76,"minecraft:glow_berries":3,"minecraft:mutton":12,"minecraft:cod":4,"minecraft:white_wool":1,"minecraft:cobblestone":68,"born_in_chaos_v1:corpse_maggot":3,"born_in_chaos_v1:staffof_magic_arrows":1,"gnumus:gnumus_doubloons":53,"minecraft:feather":12,"minecraft:golden_carrot":12,"born_in_chaos_v1:pumpkin_staff":1,"minecraft:andesite":1,"gnumus:overripe_carrot":11,"minecraft:leather":11,"minecraft:potato":9,"gnumus:gnumus_pouch":8,"minecraft:tuff":34,"minecraft:oak_log":16,"minecraft:gunpowder":12,"minecraft:dirt":49,"gnumus:gnumus_pouch_2":6,"minecraft:bone":26,"minecraft:acacia_planks":16,"minecraft:apple":9,"gnumus:gnumus_horn":1,"minecraft:wheat_seeds":106,"minecraft:raw_gold":12,"minecraft:rabbit_hide":7,"minecraft:stone_pickaxe":1,"minecraft:iron_ingot":66,"minecraft:cooked_chicken":8,"minecraft:rabbit":3,"born_in_chaos_v1:fel_lamp":4,"galosphere:raw_silver":6,"minecraft:moss_block":3,"minecraft:iron_sword":4,"minecraft:oak_planks":15,"minecraft:book":3,"minecraft:dark_oak_slab":2,"minecraft:cooked_porkchop":8,"minecraft:sweet_berries":4,"born_in_chaos_v1:orbofthe_summoner":6,"born_in_chaos_v1:ethereal_spirit":7,"minecraft:dripstone_block":9,"gnumus:gnumus_cheese":3,"alexsmobs:animal_dictionary":1,"minecraft:leather_helmet":1,"minecraft:mossy_cobblestone":1,"galosphere:silver_nugget":4,"minecraft:pumpkin_seeds":23,"gnumus:vintage_parts":3,"minecraft:diamond":1,"minecraft:stone_axe":1,"gnumus:gnumus_clay":40,"minecraft:crossbow":1,"minecraft:bone_meal":6,"minecraft:emerald":3,"minecraft:bread":198,"minecraft:light_gray_carpet":5,"minecraft:coal":72,"minecraft:ender_pearl":8},"minecraft:mined":{"minecraft:tuff":12,"warriorsofpastepoch:cistus":1,"minecraft:mossy_cobblestone":1,"minecraft:potted_crimson_fungus":1,"minecraft:acacia_log":9,"minecraft:grass_block":18,"minecraft:moss_block":1,"minecraft:spawner":2,"minecraft:hay_block":46,"minecraft:furnace":3,"minecraft:raw_gold_block":1,"minecraft:iron_ore":26,"minecraft:gold_block":1,"minecraft:potatoes":1,"gnumus:fragile_gnumus_jug":29,"minecraft:stone":44,"minecraft:light_gray_carpet":5,"minecraft:acacia_leaves":1,"minecraft:red_bed":1,"minecraft:crafting_table":4,"minecraft:torch":1,"minecraft:note_block":1,"galosphere:silver_ore":6,"minecraft:tall_grass":19,"minecraft:cobblestone":2,"born_in_chaos_v1:chipped_black_argillite_brick":1,"minecraft:deepslate_gold_ore":3,"minecraft:oak_planks":11,"minecraft:chain":1,"minecraft:wheat":37,"minecraft:tnt":3,"minecraft:grass":9,"minecraft:oak_log":16,"minecraft:coal_ore":60,"minecraft:dirt":25,"minecraft:cobweb":1,"minecraft:gold_ore":4,"minecraft:oak_leaves":4},"minecraft:killed":{"born_in_chaos_v1:zombie_clown":1,"minecraft:vex":1,"minecraft:cave_spider":1,"born_in_chaos_v1:mr_pumpkin":1,"born_in_chaos_v1:skeleton_demoman":1,"gnumus:pitcher_mouse_pac":1,"born_in_chaos_v1:sir_the_headless":1,"born_in_chaos_v1:pumpkin_spirit":2,"minecraft:spider":2,"born_in_chaos_v1:skeleton_thrasher_not_despawn":1,"born_in_chaos_v1:baby_skeleton_minion":2,"born_in_chaos_v1:maggot":7,"minecraft:skeleton":1,"gnumus:gnumus_worker":8,"minecraft:chicken":4,"gnumus:pitcher_mousse":3,"born_in_chaos_v1:supreme_bonescaller_stage_2":1,"gnumus:gnumus_hunter_not_dispawn":5,"minecraft:husk":12,"born_in_chaos_v1:felsteed":1,"minecraft:pig":5,"gnumus:gnumus_shaman":1,"born_in_chaos_v1:bone_imp_minion":4,"minecraft:zombie_villager":17,"alexsmobs:skunk":1,"gnumus:big_snout":1,"minecraft:creeper":1,"minecraft:sheep":6,"born_in_chaos_v1:bloody_gadfly":3,"minecraft:pillager":4,"born_in_chaos_v1:dread_hound":1,"alexsmobs:terrapin":1,"born_in_chaos_v1:bonescaller_not_despawn":1,"minecraft:stray":3},"minecraft:broken":{"minecraft:leather_helmet":1,"minecraft:iron_chestplate":1,"minecraft:iron_leggings":1,"minecraft:diamond_boots":1},"minecraft:killed_by":{"minecraft:player":1,"minecraft:pillager":2},"minecraft:custom":{"minecraft:interact_with_smithing_table":1,"minecraft:mob_kills":106,"minecraft:interact_with_crafting_table":24,"minecraft:open_barrel":36,"minecraft:damage_dealt_resisted":1495,"minecraft:leave_game":1,"minecraft:time_since_death":18007,"minecraft:climb_one_cm":2402,"minecraft:sprint_one_cm":390865,"minecraft:walk_one_cm":367142,"minecraft:damage_blocked_by_shield":115,"minecraft:drop":101,"minecraft:play_noteblock":3,"minecraft:play_time":145784,"minecraft:deaths":5,"minecraft:sneak_time":5062,"minecraft:walk_under_water_one_cm":11114,"minecraft:interact_with_brewingstand":1,"minecraft:jump":2435,"minecraft:interact_with_blast_furnace":1,"minecraft:walk_on_water_one_cm":18501,"minecraft:total_world_time":145784,"minecraft:interact_with_furnace":41,"minecraft:tune_noteblock":1,"minecraft:sleep_in_bed":4,"minecraft:time_since_rest":18066,"minecraft:damage_taken":21661,"minecraft:trigger_trapped_chest":1,"minecraft:damage_dealt":19612,"minecraft:fly_one_cm":551324,"minecraft:swim_one_cm":42920,"minecraft:open_chest":102,"minecraft:crouch_one_cm":20131,"minecraft:fall_one_cm":81981}},"DataVersion":3465}