{"stats":{"minecraft:custom":{"minecraft:interact_with_smithing_table":1,"minecraft:interact_with_furnace":36,"minecraft:mob_kills":50,"minecraft:tune_noteblock":1,"minecraft:interact_with_crafting_table":8,"minecraft:open_barrel":22,"minecraft:damage_dealt_resisted":576,"minecraft:leave_game":1,"minecraft:time_since_death":39340,"minecraft:sleep_in_bed":3,"minecraft:climb_one_cm":2402,"minecraft:time_since_rest":8402,"minecraft:sprint_one_cm":157885,"minecraft:damage_taken":1002,"minecraft:walk_one_cm":148356,"minecraft:drop":29,"minecraft:damage_dealt":9018,"minecraft:play_noteblock":3,"minecraft:swim_one_cm":14320,"minecraft:fly_one_cm":246118,"minecraft:open_chest":38,"minecraft:crouch_one_cm":6959,"minecraft:play_time":61991,"minecraft:deaths":1,"minecraft:sneak_time":1376,"minecraft:walk_under_water_one_cm":1391,"minecraft:interact_with_brewingstand":1,"minecraft:jump":1024,"minecraft:interact_with_blast_furnace":1,"minecraft:walk_on_water_one_cm":2932,"minecraft:total_world_time":61991,"minecraft:fall_one_cm":34651},"minecraft:killed":{"gnumus:gnumus_hunter_not_dispawn":3,"minecraft:pig":5,"gnumus:gnumus_shaman":1,"minecraft:zombie_villager":17,"alexsmobs:skunk":1,"gnumus:pitcher_mouse_pac":1,"born_in_chaos_v1:pumpkin_spirit":2,"gnumus:big_snout":1,"born_in_chaos_v1:skeleton_thrasher_not_despawn":1,"born_in_chaos_v1:maggot":1,"minecraft:sheep":6,"gnumus:gnumus_worker":4,"minecraft:stray":1,"minecraft:chicken":4,"gnumus:pitcher_mousse":2},"minecraft:used":{"minecraft:wheat_seeds":100,"minecraft:stone_pickaxe":104,"minecraft:iron_sword":3,"minecraft:wooden_pickaxe":16,"minecraft:cooked_chicken":4,"simplyswords:diamond_greataxe":92,"minecraft:crafting_table":4,"minecraft:iron_pickaxe":22,"warriorsofpastepoch:moldy_cheese":1,"minecraft:stone_axe":36,"minecraft:hay_block":2,"minecraft:furnace":5,"minecraft:cooked_porkchop":8},"minecraft:dropped":{"minecraft:iron_sword":1,"minecraft:moss_carpet":1,"minecraft:sugar_cane":2,"minecraft:sweet_berries":2,"minecraft:moss_block":3,"minecraft:mossy_cobblestone":1,"minecraft:crafting_table":1,"minecraft:tuff":34,"minecraft:wheat":1,"minecraft:feather":8,"minecraft:comparator":1,"alexsmobs:ancient_dart":1,"minecraft:light_gray_carpet":5,"minecraft:oak_button":1,"minecraft:andesite":1,"born_in_chaos_v1:corpse_maggot":1,"minecraft:bone_meal":3,"minecraft:stone_pickaxe":1,"minecraft:wooden_pickaxe":1,"minecraft:string":1,"minecraft:white_wool":1,"minecraft:bone":2,"minecraft:furnace":4},"minecraft:picked_up":{"born_in_chaos_v1:corpse_maggot":1,"minecraft:crafting_table":5,"gnumus:gnumus_doubloons":11,"minecraft:wheat":38,"minecraft:feather":12,"minecraft:chicken":4,"minecraft:andesite":1,"gnumus:overripe_carrot":5,"minecraft:leather":5,"gnumus:gnumus_claw":5,"minecraft:potato":2,"gnumus:gnumus_pouch":3,"minecraft:tuff":34,"minecraft:oak_log":16,"warriorsofpastepoch:moldy_cheese":1,"alexsmobs:ancient_dart":1,"minecraft:string":1,"minecraft:dirt":10,"minecraft:moss_carpet":1,"gnumus:gnumus_pouch_2":4,"minecraft:bone":17,"minecraft:apple":7,"minecraft:beetroot":5,"minecraft:wheat_seeds":100,"minecraft:comparator":1,"minecraft:raw_gold":12,"minecraft:rabbit_hide":7,"minecraft:iron_ingot":2,"minecraft:stone_pickaxe":1,"minecraft:cooked_chicken":3,"minecraft:moss_block":3,"minecraft:sugar_cane":2,"minecraft:iron_sword":1,"minecraft:phantom_membrane":4,"minecraft:furnace":7,"minecraft:stick":11,"minecraft:raw_iron":9,"minecraft:raw_gold_block":2,"minecraft:cooked_porkchop":5,"minecraft:sweet_berries":2,"gnumus:juicy_meat":10,"born_in_chaos_v1:ethereal_spirit":3,"minecraft:porkchop":7,"gnumus:gnumus_cheese":1,"minecraft:carrot":8,"minecraft:mossy_cobblestone":1,"alexsmobs:animal_dictionary":1,"minecraft:tnt":3,"gnumus:vintage_parts":3,"minecraft:stone_axe":1,"minecraft:hay_block":49,"minecraft:bone_meal":6,"minecraft:bread":15,"gnumus:gnumus_pouch_3":1,"minecraft:light_gray_carpet":5,"minecraft:mutton":9,"minecraft:cod":4,"minecraft:coal":18,"minecraft:white_wool":1,"minecraft:cobblestone":32},"minecraft:crafted":{"minecraft:oak_planks":64,"minecraft:cooked_porkchop":7,"minecraft:crafting_table":1,"minecraft:wooden_pickaxe":1,"minecraft:cooked_chicken":4,"minecraft:furnace":2,"minecraft:stone_axe":1,"minecraft:cooked_mutton":9,"minecraft:bread":12,"minecraft:air":0,"minecraft:shield":1,"minecraft:raw_gold":18,"minecraft:stick":12,"minecraft:iron_pickaxe":1,"minecraft:iron_ingot":3,"minecraft:stone_pickaxe":1,"minecraft:oak_button":1},"minecraft:mined":{"minecraft:light_gray_carpet":5,"warriorsofpastepoch:cistus":1,"minecraft:tuff":12,"minecraft:mossy_cobblestone":1,"minecraft:note_block":1,"minecraft:crafting_table":4,"minecraft:grass_block":4,"minecraft:cobblestone":2,"minecraft:tall_grass":17,"minecraft:deepslate_gold_ore":3,"minecraft:moss_block":1,"minecraft:spawner":1,"minecraft:hay_block":46,"minecraft:furnace":3,"minecraft:raw_gold_block":1,"minecraft:iron_ore":4,"minecraft:wheat":37,"minecraft:tnt":3,"minecraft:grass":8,"minecraft:coal_ore":12,"minecraft:potatoes":1,"minecraft:oak_log":16,"minecraft:dirt":5,"minecraft:cobweb":1,"gnumus:fragile_gnumus_jug":24,"minecraft:stone":28,"minecraft:gold_ore":4,"minecraft:oak_leaves":3}},"DataVersion":3465}