{"stats":{"minecraft:custom":{"minecraft:time_since_rest":10333,"minecraft:crouch_one_cm":458,"minecraft:play_time":13991,"minecraft:sprint_one_cm":11047,"minecraft:damage_taken":90,"minecraft:walk_one_cm":5309,"minecraft:sneak_time":194,"minecraft:drop":1,"minecraft:jump":95,"minecraft:leave_game":1,"minecraft:time_since_death":13991,"minecraft:sleep_in_bed":2,"minecraft:total_world_time":13991,"minecraft:interact_with_crafting_table":1,"minecraft:fall_one_cm":5133,"minecraft:fly_one_cm":24312},"minecraft:used":{"minecraft:wooden_pickaxe":3},"minecraft:dropped":{"minecraft:oak_button":1},"minecraft:picked_up":{"minecraft:oak_log":10,"minecraft:dirt":1,"minecraft:cobblestone":3},"minecraft:crafted":{"minecraft:oak_button":1,"minecraft:oak_planks":40,"minecraft:stick":12,"minecraft:wooden_pickaxe":1},"minecraft:mined":{"minecraft:grass_block":1,"minecraft:oak_log":10,"minecraft:stone":3,"minecraft:oak_leaves":1}},"DataVersion":3465}