{"stats":{"minecraft:custom":{"minecraft:interact_with_smithing_table":1,"minecraft:interact_with_furnace":17,"minecraft:mob_kills":44,"minecraft:interact_with_crafting_table":8,"minecraft:open_barrel":13,"minecraft:leave_game":1,"minecraft:time_since_death":27340,"minecraft:sleep_in_bed":2,"minecraft:climb_one_cm":2402,"minecraft:time_since_rest":27386,"minecraft:sprint_one_cm":127106,"minecraft:damage_taken":752,"minecraft:walk_one_cm":111382,"minecraft:drop":23,"minecraft:damage_dealt":7128,"minecraft:swim_one_cm":6244,"minecraft:fly_one_cm":204510,"minecraft:open_chest":27,"minecraft:crouch_one_cm":6336,"minecraft:play_time":49991,"minecraft:deaths":1,"minecraft:sneak_time":1190,"minecraft:walk_under_water_one_cm":821,"minecraft:interact_with_brewingstand":1,"minecraft:jump":858,"minecraft:interact_with_blast_furnace":1,"minecraft:walk_on_water_one_cm":2319,"minecraft:total_world_time":49991,"minecraft:fall_one_cm":28269},"minecraft:killed":{"gnumus:gnumus_hunter_not_dispawn":3,"minecraft:pig":5,"gnumus:gnumus_shaman":1,"minecraft:zombie_villager":15,"alexsmobs:skunk":1,"gnumus:pitcher_mouse_pac":1,"born_in_chaos_v1:pumpkin_spirit":1,"gnumus:big_snout":1,"minecraft:sheep":6,"gnumus:gnumus_worker":4,"minecraft:chicken":4,"gnumus:pitcher_mousse":2},"minecraft:used":{"minecraft:wheat_seeds":100,"minecraft:stone_pickaxe":104,"minecraft:wooden_pickaxe":16,"minecraft:cooked_chicken":4,"simplyswords:diamond_greataxe":70,"minecraft:crafting_table":3,"minecraft:iron_pickaxe":17,"minecraft:stone_axe":36,"minecraft:hay_block":2,"minecraft:furnace":4,"minecraft:cooked_porkchop":6},"minecraft:dropped":{"minecraft:moss_carpet":1,"minecraft:sugar_cane":2,"minecraft:sweet_berries":2,"minecraft:moss_block":3,"minecraft:mossy_cobblestone":1,"minecraft:crafting_table":1,"minecraft:tuff":34,"minecraft:wheat":1,"minecraft:feather":8,"minecraft:light_gray_carpet":5,"minecraft:oak_button":1,"minecraft:andesite":1,"minecraft:stone_pickaxe":1,"minecraft:wooden_pickaxe":1,"minecraft:string":1,"minecraft:white_wool":1,"minecraft:bone":2},"minecraft:picked_up":{"minecraft:crafting_table":5,"gnumus:gnumus_doubloons":11,"minecraft:wheat":38,"minecraft:feather":12,"minecraft:chicken":4,"minecraft:andesite":1,"gnumus:overripe_carrot":5,"minecraft:leather":5,"gnumus:gnumus_claw":5,"minecraft:potato":2,"gnumus:gnumus_pouch":3,"minecraft:tuff":34,"minecraft:oak_log":10,"minecraft:string":1,"minecraft:dirt":10,"minecraft:moss_carpet":1,"gnumus:gnumus_pouch_2":4,"minecraft:bone":12,"minecraft:apple":7,"minecraft:beetroot":5,"minecraft:wheat_seeds":100,"minecraft:raw_gold":7,"minecraft:rabbit_hide":7,"minecraft:iron_ingot":2,"minecraft:stone_pickaxe":1,"minecraft:cooked_chicken":3,"minecraft:moss_block":3,"minecraft:sugar_cane":2,"minecraft:furnace":3,"minecraft:stick":10,"minecraft:raw_iron":9,"minecraft:raw_gold_block":2,"minecraft:cooked_porkchop":5,"minecraft:sweet_berries":2,"gnumus:juicy_meat":10,"born_in_chaos_v1:ethereal_spirit":2,"minecraft:porkchop":7,"gnumus:gnumus_cheese":1,"minecraft:carrot":8,"minecraft:mossy_cobblestone":1,"alexsmobs:animal_dictionary":1,"gnumus:vintage_parts":3,"minecraft:stone_axe":1,"minecraft:hay_block":48,"minecraft:bone_meal":6,"minecraft:bread":15,"gnumus:gnumus_pouch_3":1,"minecraft:light_gray_carpet":5,"minecraft:mutton":9,"minecraft:cod":4,"minecraft:coal":18,"minecraft:white_wool":1,"minecraft:cobblestone":32},"minecraft:crafted":{"minecraft:oak_planks":40,"minecraft:cooked_porkchop":7,"minecraft:wooden_pickaxe":1,"minecraft:cooked_chicken":4,"minecraft:furnace":2,"minecraft:stone_axe":1,"minecraft:bread":12,"minecraft:air":0,"minecraft:shield":1,"minecraft:raw_gold":18,"minecraft:stick":12,"minecraft:iron_pickaxe":1,"minecraft:iron_ingot":3,"minecraft:stone_pickaxe":1,"minecraft:oak_button":1},"minecraft:mined":{"minecraft:light_gray_carpet":5,"warriorsofpastepoch:cistus":1,"minecraft:tuff":12,"minecraft:mossy_cobblestone":1,"minecraft:crafting_table":4,"minecraft:grass_block":4,"minecraft:cobblestone":2,"minecraft:tall_grass":17,"minecraft:deepslate_gold_ore":3,"minecraft:moss_block":1,"minecraft:hay_block":46,"minecraft:furnace":3,"minecraft:raw_gold_block":1,"minecraft:iron_ore":4,"minecraft:wheat":37,"minecraft:grass":8,"minecraft:coal_ore":12,"minecraft:potatoes":1,"minecraft:oak_log":10,"minecraft:dirt":5,"minecraft:cobweb":1,"gnumus:fragile_gnumus_jug":24,"minecraft:stone":28,"minecraft:gold_ore":4,"minecraft:oak_leaves":1}},"DataVersion":3465}